{
  "match": "R32-084 葡萄牙 vs 克罗地亚",
  "lambda_home": 1.72,
  "lambda_away": 0.98,
  "dc_rho": -0.17,
  "grid": {
    "0-0": 0.08646356365219798,
    "0-1": 0.04660362370700087,
    "0-2": 0.032272153217114796,
    "0-3": 0.010542236717590832,
    "0-4": 0.0025828479958097538,
    "0-5": 0.0005062382071787118,
    "0-6": 8.268557383918958e-05,
    "0-7": 1.1575980337486543e-05,
    "0-8": 1.4180575913421014e-06,
    "0-9": 1.544107155016955e-07,
    "0-10": 1.5132250119166153e-08,
    "1-0": 0.0963358048412469,
    "1-1": 0.13253975741657512,
    "1-2": 0.05550810353343744,
    "1-3": 0.01813264715425623,
    "1-4": 0.004442498552792776,
    "1-5": 0.0008707297163473842,
    "1-6": 0.00014221918700340608,
    "1-7": 1.9910686180476853e-05,
    "1-8": 2.439059057108414e-06,
    "1-9": 2.655864306629162e-07,
    "1-10": 2.6027470204965783e-08,
    "2-0": 0.09941059774834693,
    "2-1": 0.09742238579337999,
    "2-2": 0.04773696903875619,
    "2-3": 0.015594076552660355,
    "2-4": 0.003820548755401787,
    "2-5": 0.0007488275560587503,
    "2-6": 0.0001223085008229292,
    "2-7": 1.712319011521009e-05,
    "2-8": 2.097590789113236e-06,
    "2-9": 2.2840433037010791e-07,
    "2-10": 2.238362437627057e-08,
    "3-0": 0.05699540937571892,
    "3-1": 0.05585550118820454,
    "3-2": 0.027369195582220222,
    "3-3": 0.008940603890191938,
    "3-4": 0.002190447953097025,
    "3-5": 0.0004293277988070169,
    "3-6": 7.012354047181276e-05,
    "3-7": 9.817295666053787e-06,
    "3-8": 1.202618719091589e-06,
    "3-9": 1.3095181607886188e-07,
    "3-10": 1.2833277975728462e-08,
    "4-0": 0.024508026031559133,
    "4-1": 0.02401786551092795,
    "4-2": 0.011768754100354694,
    "4-3": 0.003844459672782533,
    "4-4": 0.0009418926198317206,
    "4-5": 0.00018461095348701727,
    "4-6": 3.0153122402879483e-05,
    "4-7": 4.221437136403128e-06,
    "4-8": 5.171260492093831e-07,
    "4-9": 5.630928091391061e-08,
    "4-10": 5.518309529563239e-09,
    "5-0": 0.008430760954856342,
    "5-1": 0.008262145735759214,
    "5-2": 0.0040484514105220155,
    "5-3": 0.0013224941274371917,
    "5-4": 0.0003240110612221119,
    "5-5": 6.350616799953393e-05,
    "5-6": 1.0372674106590543e-05,
    "5-7": 1.452174374922676e-06,
    "5-8": 1.7789136092802782e-07,
    "5-9": 1.937039263438525e-08,
    "5-10": 1.8982984781697543e-09,
    "6-0": 0.0024168181403921517,
    "6-1": 0.0023684817775843085,
    "6-2": 0.001160556071016311,
    "6-3": 0.0003791149831986616,
    "6-4": 9.288317088367209e-05,
    "6-5": 1.8205101493199732e-05,
    "6-6": 2.9734999105559563e-06,
    "6-7": 4.162899874778339e-07,
    "6-8": 5.099552346603465e-08,
    "6-9": 5.552845888523772e-09,
    "6-10": 5.441788970753296e-10,
    "7-0": 0.0005938467430677857,
    "7-1": 0.00058196980820643,
    "7-2": 0.00028516520602115064,
    "7-3": 9.315396730024254e-05,
    "7-4": 2.2822721988559422e-05,
    "7-5": 4.473253509757648e-06,
    "7-6": 7.30631406593749e-07,
    "7-7": 1.0228839692312487e-07,
    "7-8": 1.2530328623082795e-08,
    "7-9": 1.3644135611801266e-09,
    "7-10": 1.337125289956524e-10,
    "8-0": 0.00012767704975957393,
    "8-1": 0.00012512350876438244,
    "8-2": 6.131051929454741e-05,
    "8-3": 2.002810296955215e-05,
    "8-4": 4.906885227540276e-06,
    "8-5": 9.617495045978943e-07,
    "8-6": 1.5708575241765607e-07,
    "8-7": 2.199200533847185e-08,
    "8-8": 2.6940206539628014e-09,
    "8-9": 2.9334891565372725e-10,
    "8-10": 2.8748193734065264e-11,
    "9-0": 2.4400502842940792e-05,
    "9-1": 2.3912492786081978e-05,
    "9-2": 1.1717121465180168e-05,
    "9-3": 3.827593011958855e-06,
    "9-4": 9.377602879299194e-07,
    "9-5": 1.838010164342642e-07,
    "9-6": 3.002083268426315e-08,
    "9-7": 4.202916575796842e-09,
    "9-8": 5.148572805351131e-10,
    "9-9": 5.606223721382342e-11,
    "9-10": 5.494099246954695e-12,
    "10-0": 4.1968864889858164e-06,
    "10-1": 4.1129487592061005e-06,
    "10-2": 2.0153448920109888e-06,
    "10-3": 6.583459980569231e-07,
    "10-4": 1.6129476952394612e-07,
    "10-5": 3.1613774826693445e-08,
    "10-6": 5.163583221693263e-09,
    "10-7": 7.229016510370569e-10,
    "10-8": 8.855545225203945e-11,
    "10-9": 9.642704800777628e-12,
    "10-10": 9.449850704762074e-13
  },
  "summary": {
    "p_home": 0.5283504680332685,
    "p_draw": 0.27668937132488786,
    "p_away": 0.19496016064184338,
    "p_over": 0.5063744994175171,
    "p_under": 0.4936255005824829,
    "p_btts": 0.5320859490740936,
    "eg_home": 1.7199807662370648,
    "eg_away": 0.9799999171838166,
    "eg_total": 2.6999806834208813
  },
  "advance": {
    "home": 0.6835986631741665,
    "away": 0.3164013368258335
  }
}