{
  "match": "R32-085 瑞士 vs 阿尔及利亚",
  "lambda_home": 1.52,
  "lambda_away": 0.9,
  "dc_rho": -0.07,
  "grid": {
    "0-0": 0.09743681295918107,
    "0-1": 0.07151436669917845,
    "0-2": 0.0360132777692819,
    "0-3": 0.01080398333078457,
    "0-4": 0.002430896249426528,
    "0-5": 0.00043756132489677506,
    "0-6": 6.563419873451626e-05,
    "0-7": 8.438682694437807e-06,
    "0-8": 9.493518031242532e-07,
    "0-9": 9.493518031242532e-08,
    "0-10": 8.54416622811828e-09,
    "1-0": 0.12664580427190628,
    "1-1": 0.1301599888088002,
    "1-2": 0.05474018220930849,
    "1-3": 0.01642205466279255,
    "1-4": 0.003694962299128323,
    "1-5": 0.0006650932138430981,
    "1-6": 9.976398207646473e-05,
    "1-7": 1.2826797695545468e-05,
    "1-8": 1.4430147407488649e-06,
    "1-9": 1.443014740748865e-07,
    "1-10": 1.2987132666739784e-08,
    "2-0": 0.10272231723228258,
    "2-1": 0.09245008550905433,
    "2-2": 0.04160253847907445,
    "2-3": 0.012480761543722334,
    "2-4": 0.002808171347337525,
    "2-5": 0.0005054708425207545,
    "2-6": 7.582062637811317e-05,
    "2-7": 9.748366248614553e-06,
    "2-8": 1.096691202969137e-06,
    "2-9": 1.0966912029691371e-07,
    "2-10": 9.870220826722234e-09,
    "3-0": 0.05204597406435651,
    "3-1": 0.04684137665792087,
    "3-2": 0.021078619496064387,
    "3-3": 0.006323585848819317,
    "3-4": 0.001422806815984346,
    "3-5": 0.0002561052268771823,
    "3-6": 3.841578403157735e-05,
    "3-7": 4.939172232631374e-06,
    "3-8": 5.556568761710296e-07,
    "3-9": 5.5565687617102954e-08,
    "3-10": 5.000911885539266e-09,
    "4-0": 0.019777470144455474,
    "4-1": 0.01779972313000993,
    "4-2": 0.008009875408504468,
    "4-3": 0.00240296262255134,
    "4-4": 0.0005406665900740514,
    "4-5": 9.731998621332927e-05,
    "4-6": 1.4597997931999393e-05,
    "4-7": 1.876885448399922e-06,
    "4-8": 2.1114961294499123e-07,
    "4-9": 2.1114961294499123e-08,
    "4-10": 1.9003465165049214e-09,
    "5-0": 0.006012350923914465,
    "5-1": 0.005411115831523019,
    "5-2": 0.0024350021241853585,
    "5-3": 0.0007305006372556076,
    "5-4": 0.0001643626433825117,
    "5-5": 2.95852758088521e-05,
    "5-6": 4.437791371327816e-06,
    "5-7": 5.705731763135765e-07,
    "5-8": 6.418948233527734e-08,
    "5-9": 6.418948233527734e-09,
    "5-10": 5.77705341017496e-10,
    "6-0": 0.0015231289007249975,
    "6-1": 0.001370816010652498,
    "6-2": 0.0006168672047936241,
    "6-3": 0.00018506016143808723,
    "6-4": 4.1638536323569625e-05,
    "6-5": 7.494936538242533e-06,
    "6-6": 1.1242404807363798e-06,
    "6-7": 1.4454520466610602e-07,
    "6-8": 1.6261335524936926e-08,
    "6-9": 1.6261335524936926e-09,
    "6-10": 1.4635201972443235e-10,
    "7-0": 0.0003307365613002852,
    "7-1": 0.0002976629051702567,
    "7-2": 0.00013394830732661552,
    "7-3": 4.018449219798466e-05,
    "7-4": 9.041510744546547e-06,
    "7-5": 1.6274719340183784e-06,
    "7-6": 2.441207901027568e-07,
    "7-7": 3.1386958727497304e-08,
    "7-8": 3.5310328568434464e-09,
    "7-9": 3.5310328568434467e-10,
    "7-10": 3.1779295711591026e-11,
    "8-0": 6.283994664705417e-05,
    "8-1": 5.655595198234877e-05,
    "8-2": 2.545017839205695e-05,
    "8-3": 7.635053517617084e-06,
    "8-4": 1.717887041463844e-06,
    "8-5": 3.092196674634919e-07,
    "8-6": 4.6382950119523797e-08,
    "8-7": 5.9635221582244885e-09,
    "8-8": 6.708962428002549e-10,
    "8-9": 6.708962428002549e-11,
    "8-10": 6.038066185202295e-12,
    "9-0": 1.0612968767058042e-05,
    "9-1": 9.551671890352238e-06,
    "9-2": 4.298252350658507e-06,
    "9-3": 1.2894757051975522e-06,
    "9-4": 2.9013203366944924e-07,
    "9-5": 5.222376606050086e-08,
    "9-6": 7.83356490907513e-09,
    "9-7": 1.0071726311668024e-09,
    "9-8": 1.1330692100626529e-10,
    "9-9": 1.133069210062653e-11,
    "9-10": 1.0197622890563876e-12,
    "10-0": 1.6131712525928222e-06,
    "10-1": 1.4518541273335401e-06,
    "10-2": 6.53334357300093e-07,
    "10-3": 1.9600030719002796e-07,
    "10-4": 4.4100069117756284e-08,
    "10-5": 7.938012441196131e-09,
    "10-6": 1.1907018661794197e-09,
    "10-7": 1.5309023993735396e-10,
    "10-8": 1.7222651992952323e-11,
    "10-9": 1.7222651992952322e-12,
    "10-10": 1.550038679365709e-13
  },
  "summary": {
    "p_home": 0.5092706238404429,
    "p_draw": 0.27609433427157937,
    "p_away": 0.21463504188797827,
    "p_over": 0.43550743225936966,
    "p_under": 0.5644925677406303,
    "p_btts": 0.47215512776906504,
    "eg_home": 1.519993969003252,
    "eg_away": 0.8999999648407555,
    "eg_total": 2.4199939338440073
  },
  "advance": {
    "home": 0.6677158377834226,
    "away": 0.3322841622165774
  }
}