{
  "match": "澳大利亚 vs 埃及",
  "lambda_home": 0.86,
  "lambda_away": 1.12,
  "dc_rho": -0.04,
  "grid": {
    "0-0": 0.1433887736907119,
    "0-1": 0.14931801921646948,
    "0-2": 0.08659702854310576,
    "0-3": 0.03232955732275949,
    "0-4": 0.009052276050372655,
    "0-5": 0.002027709835283475,
    "0-6": 0.00037850583591958204,
    "0-7": 6.0560933747133145e-05,
    "0-8": 8.47853072459864e-06,
    "0-9": 1.0551060457278307e-06,
    "0-10": 1.1817187712151708e-07,
    "1-0": 0.11342001631275855,
    "1-1": 0.13830782558741747,
    "1-2": 0.07447344454707094,
    "1-3": 0.027803419297573156,
    "1-4": 0.007784957403320484,
    "1-5": 0.0017438304583437887,
    "1-6": 0.0003255150188908405,
    "1-7": 5.20824030225345e-05,
    "1-8": 7.291536423154829e-06,
    "1-9": 9.073911993259345e-07,
    "1-10": 1.0162781432450468e-07,
    "2-0": 0.051058005668431924,
    "2-1": 0.05718496634864376,
    "2-2": 0.0320235811552405,
    "2-3": 0.011955470297956457,
    "2-4": 0.0033475316834278086,
    "2-5": 0.0007498470970878291,
    "2-6": 0.00013997145812306145,
    "2-7": 2.2395433299689838e-05,
    "2-8": 3.1353606619565768e-06,
    "2-9": 3.9017821571015184e-07,
    "2-10": 4.3699960159537016e-08,
    "3-0": 0.014636628291617153,
    "3-1": 0.016393023686611212,
    "3-2": 0.00918009326450228,
    "3-3": 0.003427234818747518,
    "3-4": 0.0009596257492493052,
    "3-5": 0.00021495616783184438,
    "3-6": 4.0125151328610944e-05,
    "3-7": 6.420024212577753e-06,
    "3-8": 8.988033897608853e-07,
    "3-9": 1.1185108850357686e-07,
    "3-10": 1.252732191240061e-08,
    "4-0": 0.003146875082697687,
    "4-1": 0.00352450009262141,
    "4-2": 0.00197372005186799,
    "4-3": 0.0007368554860307163,
    "4-4": 0.00020631953608860057,
    "4-5": 4.621557608384653e-05,
    "4-6": 8.626907535651352e-06,
    "4-7": 1.3803052057042165e-06,
    "4-8": 1.9324272879859034e-07,
    "4-9": 2.4047984028269026e-08,
    "4-10": 2.693374211166131e-09,
    "5-0": 0.0005412625142240023,
    "5-1": 0.0006062140159308826,
    "5-2": 0.00033947984892129427,
    "5-3": 0.0001267391435972832,
    "5-4": 3.54869602072393e-05,
    "5-5": 7.949079086421603e-06,
    "5-6": 1.4838280961320327e-06,
    "5-7": 2.3741249538112528e-07,
    "5-8": 3.323774935335754e-08,
    "5-9": 4.136253252862273e-09,
    "5-10": 4.6326036432057456e-10,
    "6-0": 7.7580960372107e-05,
    "6-1": 8.689067561675983e-05,
    "6-2": 4.865877834538551e-05,
    "6-3": 1.8165943915610594e-05,
    "6-4": 5.086464296370966e-06,
    "6-5": 1.1393680023870966e-06,
    "6-6": 2.1268202711225803e-07,
    "6-7": 3.402912433796129e-08,
    "6-8": 4.764077407314581e-09,
    "6-9": 5.928629662435924e-10,
    "6-10": 6.640065221928235e-11,
    "7-0": 9.531375131430286e-06,
    "7-1": 1.067514014720192e-05,
    "7-2": 5.978078482433076e-06,
    "7-3": 2.2318159667750153e-06,
    "7-4": 6.249084706970043e-07,
    "7-5": 1.39979497436129e-07,
    "7-6": 2.6129506188077414e-08,
    "7-7": 4.180720990092386e-09,
    "7-8": 5.853009386129341e-10,
    "7-9": 7.283745013849849e-11,
    "7-10": 8.157794415511831e-12,
    "8-0": 1.0246228266287556e-06,
    "8-1": 1.1475775658242065e-06,
    "8-2": 6.426434368615558e-07,
    "8-3": 2.399202164283142e-07,
    "8-4": 6.717766059992798e-08,
    "8-5": 1.504779597438387e-08,
    "8-6": 2.808921915218322e-09,
    "8-7": 4.494275064349316e-10,
    "8-8": 6.291985090089042e-11,
    "8-9": 7.830025889888587e-12,
    "8-10": 8.769628996675219e-13,
    "9-0": 9.790840343341444e-08,
    "9-1": 1.0965741184542418e-07,
    "9-2": 6.140815063343754e-08,
    "9-3": 2.2925709569816685e-08,
    "9-4": 6.419198679548672e-09,
    "9-5": 1.4379005042189027e-09,
    "9-6": 2.6840809412086185e-10,
    "9-7": 4.294529505933791e-11,
    "9-8": 6.012341308307307e-12,
    "9-9": 7.482024739226872e-13,
    "9-10": 8.379867707934098e-14,
    "10-0": 8.420122695273642e-09,
    "10-1": 9.430537418706478e-09,
    "10-2": 5.281100954475629e-09,
    "10-3": 1.971611023004235e-09,
    "10-4": 5.520510864411859e-10,
    "10-5": 1.2365944336282562e-10,
    "10-6": 2.308309609439412e-11,
    "10-7": 3.693295375103059e-12,
    "10-8": 5.170613525144283e-13,
    "10-9": 6.434541275735109e-14,
    "10-10": 7.206686228823324e-15
  },
  "summary": {
    "p_home": 0.27317406251484644,
    "p_draw": 0.3173619007937158,
    "p_away": 0.4094640366914379,
    "p_over": 0.31791033098110494,
    "p_under": 0.6820896690188951,
    "p_btts": 0.39394688560639757,
    "eg_home": 0.8599999778064548,
    "eg_away": 1.1199996872297704,
    "eg_total": 1.979999665036225
  },
  "advance": {
    "home": 0.41601972492098255,
    "away": 0.5839802750790175
  }
}