{
  "match": "R32 墨西哥 vs 厄瓜多尔",
  "lambda_home": 1.14,
  "lambda_away": 0.76,
  "dc_rho": -0.04,
  "grid": {
    "0-0": 0.1547520751703518,
    "0-1": 0.10848870466354388,
    "0-2": 0.043195418872743786,
    "0-3": 0.010942839447761761,
    "0-4": 0.0020791394950747345,
    "0-5": 0.00031602920325135965,
    "0-6": 4.003036574517222e-05,
    "0-7": 4.346153995190127e-06,
    "0-8": 4.1288462954306203e-07,
    "0-9": 3.486581316141414e-08,
    "0-10": 2.6498018002674737e-09,
    "1-0": 0.1653247821276804,
    "1-1": 0.1347697068829606,
    "1-2": 0.049242777514927914,
    "1-3": 0.012474836970448407,
    "1-4": 0.0023702190243851972,
    "1-5": 0.0003602732917065499,
    "1-6": 4.563461694949633e-05,
    "1-7": 4.954615554516745e-06,
    "1-8": 4.706884776790907e-07,
    "1-9": 3.974702700401211e-08,
    "1-10": 3.02077405230492e-09,
    "2-0": 0.09718969246367351,
    "2-1": 0.07386416627239187,
    "2-2": 0.028068383183508912,
    "2-3": 0.007110657073155591,
    "2-4": 0.0013510248438995621,
    "2-5": 0.00020535577627273346,
    "2-6": 2.6011731661212908e-05,
    "2-7": 2.824130866074544e-06,
    "2-8": 2.6829243227708164e-07,
    "2-9": 2.2655805392286903e-08,
    "2-10": 1.7218412098138043e-09,
    "3-0": 0.036932083136195934,
    "3-1": 0.028068383183508905,
    "3-2": 0.010665985609733385,
    "3-3": 0.0027020496877991243,
    "3-4": 0.0005133894406818335,
    "3-5": 7.80351949836387e-05,
    "3-6": 9.884458031260903e-06,
    "3-7": 1.0731697291083266e-06,
    "3-8": 1.0195112426529102e-07,
    "3-9": 8.609206049069021e-09,
    "3-10": 6.542996597292455e-10,
    "4-0": 0.01052564369381584,
    "4-1": 0.007999489207300037,
    "4-2": 0.003039805898774014,
    "4-3": 0.0007700841610227503,
    "4-4": 0.00014631599059432255,
    "4-5": 2.2240030570337027e-05,
    "4-6": 2.817070538909357e-06,
    "4-7": 3.0585337279587306e-07,
    "4-8": 2.9056070415607934e-08,
    "4-9": 2.4536237239846705e-09,
    "4-10": 1.8647540302283494e-10,
    "5-0": 0.0023998467621900105,
    "5-1": 0.001823883539264408,
    "5-2": 0.000693075744920475,
    "5-3": 0.00017557918871318707,
    "5-4": 3.3360045855505535e-05,
    "5-5": 5.070726970036841e-06,
    "5-6": 6.422920828713333e-07,
    "5-7": 6.973456899745904e-08,
    "5-8": 6.6247840547586075e-09,
    "5-9": 5.594262090685047e-10,
    "5-10": 4.251639188920636e-11,
    "6-0": 0.00045597088481610205,
    "6-1": 0.0003465378724602376,
    "6-2": 0.00013168439153489028,
    "6-3": 3.336004585550554e-05,
    "6-4": 6.338408712546052e-06,
    "6-5": 9.634381243069999e-07,
    "6-6": 1.2203549574555333e-07,
    "6-7": 1.3249568109517218e-08,
    "6-8": 1.2587089704041357e-09,
    "6-9": 1.0629097972301593e-10,
    "6-10": 8.078114458949209e-12,
    "7-0": 7.425811552719375e-05,
    "7-1": 5.643616780066725e-05,
    "7-2": 2.1445743764253557e-05,
    "7-3": 5.432921753610902e-06,
    "7-4": 1.0322551331860711e-06,
    "7-5": 1.569027802442828e-07,
    "7-6": 1.9874352164275826e-08,
    "7-7": 2.1577868064070896e-09,
    "7-8": 2.049897466086735e-10,
    "7-9": 1.7310245269176878e-11,
    "7-10": 1.3155786404574423e-12,
    "8-0": 1.0581781462625109e-05,
    "8-1": 8.042153911595081e-06,
    "8-2": 3.0560184864061315e-06,
    "8-3": 7.741913498895534e-07,
    "8-4": 1.4709635647901513e-07,
    "8-5": 2.23586461848103e-08,
    "8-6": 2.832095183409305e-09,
    "8-7": 3.074846199130102e-10,
    "8-8": 2.9211038891735965e-11,
    "8-9": 2.4667099508577048e-12,
    "8-10": 1.8746995626518552e-13,
    "9-0": 1.3403589852658473e-06,
    "9-1": 1.0186728288020438e-06,
    "9-2": 3.870956749447767e-07,
    "9-3": 9.806423765267679e-08,
    "9-4": 1.8632205154008586e-08,
    "9-5": 2.832095183409305e-09,
    "9-6": 3.5873205656517866e-10,
    "9-7": 3.8948051855647967e-11,
    "9-8": 3.700064926286557e-12,
    "9-9": 3.124499271086426e-13,
    "9-10": 2.3746194460256834e-14,
    "10-0": 1.5280092432030658e-07,
    "10-1": 1.1612870248343298e-07,
    "10-2": 4.4128906943704534e-08,
    "10-3": 1.1179323092405151e-08,
    "10-4": 2.1240713875569786e-09,
    "10-5": 3.228588509086607e-10,
    "10-6": 4.089545444843036e-11,
    "10-7": 4.440077911543867e-12,
    "10-8": 4.2180740159666736e-13,
    "10-9": 3.561929169038525e-14,
    "10-10": 2.707066168469279e-15
  },
  "summary": {
    "p_home": 0.4406653175854353,
    "p_draw": 0.3204437258649936,
    "p_away": 0.23889095654957082,
    "p_over": 0.2962796198190457,
    "p_under": 0.7037203801809543,
    "p_btts": 0.3672666141020164,
    "eg_home": 1.1399996275271358,
    "eg_away": 0.7599999937031593,
    "eg_total": 1.899999621230295
  },
  "advance": {
    "home": 0.6163355486175883,
    "away": 0.3836644513824117
  }
}