{
  "match": "R32-081 Belgium vs Senegal",
  "lambda_home": 1.56,
  "lambda_away": 1.12,
  "dc_rho": -0.18,
  "grid": {
    "0-0": 0.09012606720654537,
    "0-1": 0.05522794108094747,
    "0-2": 0.043002846225431844,
    "0-3": 0.016054395924161226,
    "0-4": 0.0044952308587651426,
    "0-5": 0.0010069317123633922,
    "0-6": 0.00018796058630783319,
    "0-7": 3.0073693809253317e-05,
    "0-8": 4.210317133295464e-06,
    "0-9": 5.239505765878801e-07,
    "0-10": 5.868246457784258e-08,
    "1-0": 0.08539575412174787,
    "1-1": 0.14135649880674095,
    "1-2": 0.06708444011167368,
    "1-3": 0.025044857641691513,
    "1-4": 0.007012560139673624,
    "1-5": 0.001570813471286892,
    "1-6": 0.0002932185146402198,
    "1-7": 4.6914962342435176e-05,
    "1-8": 6.568094727940925e-06,
    "1-9": 8.17362899477093e-07,
    "1-10": 9.154464474143443e-08,
    "2-0": 0.08342771570010438,
    "2-1": 0.09343904158411691,
    "2-2": 0.05232586328710548,
    "2-3": 0.01953498896051938,
    "2-4": 0.005469796908945427,
    "2-5": 0.0012252345076037756,
    "2-6": 0.00022871044141937146,
    "2-7": 3.659367062709944e-05,
    "2-8": 5.123113887793922e-06,
    "2-9": 6.375430615921325e-07,
    "2-10": 7.140482289831885e-08,
    "3-0": 0.04338241216405428,
    "3-1": 0.04858830162374079,
    "3-2": 0.02720944890929485,
    "3-3": 0.010158194259470078,
    "3-4": 0.002844294392651622,
    "3-5": 0.0006371219439539633,
    "3-6": 0.00011892942953807316,
    "3-7": 1.9028708726091708e-05,
    "3-8": 2.6640192216528388e-06,
    "3-9": 3.31522392027909e-07,
    "3-10": 3.713050790712581e-08,
    "4-0": 0.016919140743981168,
    "4-1": 0.01894943763325891,
    "4-2": 0.010611685074624991,
    "4-3": 0.003961695761193331,
    "4-4": 0.0011092748131341327,
    "4-5": 0.0002484775581420457,
    "4-6": 4.638247751984854e-05,
    "4-7": 7.421196403175767e-06,
    "4-8": 1.0389674964446073e-06,
    "4-9": 1.292937328908845e-07,
    "4-10": 1.4480898083779066e-08,
    "5-0": 0.005278771912122124,
    "5-1": 0.005912224541576781,
    "5-2": 0.003310845743282997,
    "5-3": 0.001236049077492319,
    "5-4": 0.00034609374169784936,
    "5-5": 7.752499814031825e-05,
    "5-6": 1.4471332986192743e-05,
    "5-7": 2.315413277790839e-06,
    "5-8": 3.241578588907175e-07,
    "5-9": 4.033964466195596e-08,
    "5-10": 4.518040202139068e-09,
    "6-0": 0.0013724806971517525,
    "6-1": 0.0015371783808099627,
    "6-2": 0.0008608198932535793,
    "6-3": 0.0003213727601480029,
    "6-4": 8.998437284144084e-05,
    "6-5": 2.0156499516482747e-05,
    "6-6": 3.7625465764101125e-06,
    "6-7": 6.020074522256182e-07,
    "6-8": 8.428104331158654e-08,
    "6-9": 1.048830761210855e-08,
    "6-10": 1.1746904525561578e-09,
    "7-0": 0.00030586712679381913,
    "7-1": 0.00034257118200907747,
    "7-2": 0.0001918398619250834,
    "7-3": 7.162021511869781e-05,
    "7-4": 2.0053660233235385e-05,
    "7-5": 4.4920198922447265e-06,
    "7-6": 8.385103798856824e-07,
    "7-7": 1.341616607817092e-07,
    "7-8": 1.878263250943929e-08,
    "7-9": 2.3373942678413338e-09,
    "7-10": 2.6178815799822944e-10,
    "8-0": 5.964408972479473e-05,
    "8-1": 6.68013804917701e-05,
    "8-2": 3.740877307539126e-05,
    "8-3": 1.3965941948146074e-05,
    "8-4": 3.910463745480901e-06,
    "8-5": 8.759438789877218e-07,
    "8-6": 1.6350952407770805e-07,
    "8-7": 2.6161523852433298e-08,
    "8-8": 3.6626133393406614e-09,
    "8-9": 4.557918822290602e-10,
    "8-10": 5.104869080965475e-11,
    "9-0": 1.0338308885631086e-05,
    "9-1": 1.1578905951906818e-05,
    "9-2": 6.484187333067818e-06,
    "9-3": 2.4207632710119856e-06,
    "9-4": 6.77813715883356e-07,
    "9-5": 1.5183027235787178e-07,
    "9-6": 2.8341650840136062e-08,
    "9-7": 4.534664134421771e-09,
    "9-8": 6.348529788190479e-10,
    "9-9": 7.90039262530371e-11,
    "9-10": 8.848439740340155e-12,
    "10-0": 1.6127761861584496e-06,
    "10-1": 1.8063093284974639e-06,
    "10-2": 1.01153322395858e-06,
    "10-3": 3.776390702778699e-07,
    "10-4": 1.0573893967780357e-07,
    "10-5": 2.3685522487828e-08,
    "10-6": 4.421297531061227e-09,
    "10-7": 7.074076049697965e-10,
    "10-8": 9.903706469577151e-11,
    "10-9": 1.232461249547379e-11,
    "10-10": 1.3803565994930645e-12
  },
  "summary": {
    "p_home": 0.453327318019211,
    "p_draw": 0.2951573238223711,
    "p_away": 0.2515153581584177,
    "p_over": 0.5014631768584821,
    "p_under": 0.4985368231415179,
    "p_btts": 0.5537100221207417,
    "eg_home": 1.5599922890389992,
    "eg_away": 1.1199996872297688,
    "eg_total": 2.6799919762687683
  },
  "advance": {
    "home": 0.6232374131090723,
    "away": 0.3767625868909277
  }
}