{
  "match": "R32 法国 vs 瑞典",
  "lambda_home": 2.42,
  "lambda_away": 0.74,
  "dc_rho": -0.07,
  "grid": {
    "0-0": 0.047746273366980785,
    "0-1": 0.026077934846728087,
    "0-2": 0.011616705867191658,
    "0-3": 0.0028654541139072763,
    "0-4": 0.000530109011072846,
    "0-5": 7.845613363878122e-05,
    "0-6": 9.676256482116351e-06,
    "0-7": 1.022918542395157e-06,
    "0-8": 9.461996517155202e-08,
    "0-9": 7.779863802994277e-09,
    "0-10": 5.757099214215765e-10,
    "1-0": 0.0973564807082401,
    "1-1": 0.08129810316893536,
    "1-2": 0.028112428198603816,
    "1-3": 0.006934398955655609,
    "1-4": 0.0012828638067962875,
    "1-5": 0.00018986384340585055,
    "1-6": 2.3416540686721565e-05,
    "1-7": 2.47546287259628e-06,
    "1-8": 2.2898031571515588e-07,
    "1-9": 1.882727040324615e-08,
    "1-10": 1.393218009840215e-09,
    "2-0": 0.12423680832838065,
    "2-1": 0.0919352381630017,
    "2-2": 0.03401603812031062,
    "2-3": 0.008390622736343287,
    "2-4": 0.0015522652062235083,
    "2-5": 0.0002297352505210792,
    "2-6": 2.83340142309331e-05,
    "2-7": 2.995310075841499e-06,
    "2-8": 2.7706618201533865e-07,
    "2-9": 2.2780997187927845e-08,
    "2-10": 1.6857937919066604e-09,
    "3-0": 0.10021769205156038,
    "3-1": 0.07416109211815468,
    "3-2": 0.027439604083717227,
    "3-3": 0.006768435673983584,
    "3-4": 0.001252160599686963,
    "3-5": 0.00018531976875367054,
    "3-6": 2.2856104812952696e-05,
    "3-7": 2.416216794512142e-06,
    "3-8": 2.2350005349237315e-07,
    "3-9": 1.8376671064928458e-08,
    "3-10": 1.359873658804706e-09,
    "4-0": 0.06063170369119404,
    "4-1": 0.04486746073148359,
    "4-2": 0.016600960470648924,
    "4-3": 0.004094903582760069,
    "4-4": 0.0007575571628106127,
    "4-5": 0.00011211846009597068,
    "4-6": 1.3827943411836382e-05,
    "4-7": 1.4618111606798462e-06,
    "4-8": 1.3521753236288576e-07,
    "4-9": 1.1117885994281718e-08,
    "4-10": 8.227235635768472e-10,
    "5-0": 0.02934574458653791,
    "5-1": 0.02171585099403805,
    "5-2": 0.008034864867794079,
    "5-3": 0.001981933334055873,
    "5-4": 0.0003666576668003365,
    "5-5": 5.42653346864498e-05,
    "5-6": 6.692724611328808e-06,
    "5-7": 7.075166017690454e-07,
    "5-8": 6.54452856636367e-08,
    "5-9": 5.381056821232351e-09,
    "5-10": 3.98198204771194e-10,
    "6-0": 0.011836116983236956,
    "6-1": 0.008758726567595347,
    "6-2": 0.003240728830010278,
    "6-3": 0.000799379778069202,
    "6-4": 0.00014788525894280237,
    "6-5": 2.1887018323534753e-05,
    "6-6": 2.699398926569286e-06,
    "6-7": 2.853650293801816e-07,
    "6-8": 2.6396265217666797e-08,
    "6-9": 2.1703595845637144e-09,
    "6-10": 1.606066092577149e-10,
    "7-0": 0.00409191472849049,
    "7-1": 0.0030280168990829627,
    "7-2": 0.001120366252660696,
    "7-3": 0.00027635700898963843,
    "7-4": 5.1126046663083104e-05,
    "7-5": 7.566654906136299e-06,
    "7-6": 9.332207717568102e-07,
    "7-7": 9.865476730000564e-08,
    "7-8": 9.125565975250522e-09,
    "7-9": 7.503243135205985e-10,
    "7-10": 5.5523999200524285e-11,
    "8-0": 0.0012378042053683735,
    "8-1": 0.0009159751119725963,
    "8-2": 0.0003389107914298606,
    "8-3": 8.359799521936562e-05,
    "8-4": 1.546562911558264e-05,
    "8-5": 2.288913109106231e-06,
    "8-6": 2.822992834564351e-07,
    "8-7": 2.9843067108251713e-08,
    "8-8": 2.760483707513283e-09,
    "8-9": 2.2697310483998103e-10,
    "8-10": 1.6796009758158597e-11,
    "9-0": 0.0003328317974434959,
    "9-1": 0.000246295530108187,
    "9-2": 9.112934614002917e-05,
    "9-3": 2.2478572047873867e-05,
    "9-4": 4.158535828856665e-06,
    "9-5": 6.154633026707864e-07,
    "9-6": 7.590714066273031e-08,
    "9-7": 8.024469155774349e-09,
    "9-8": 7.422633969091272e-10,
    "9-9": 6.103054596808378e-11,
    "9-10": 4.5162604016382e-12,
    "10-0": 8.054529498132601e-05,
    "10-1": 5.9603518286181244e-05,
    "10-2": 2.205330176588706e-05,
    "10-3": 5.439814435585475e-06,
    "10-4": 1.0063656705833128e-06,
    "10-5": 1.489421192463303e-07,
    "10-6": 1.8369528040380737e-08,
    "10-7": 1.9419215356973924e-09,
    "10-8": 1.7962774205200878e-10,
    "10-9": 1.4769392124276277e-11,
    "10-10": 1.0929350171964445e-12
  },
  "summary": {
    "p_home": 0.7398287670765258,
    "p_draw": 0.17064347370400848,
    "p_away": 0.08952775921946572,
    "p_over": 0.6116676937135432,
    "p_under": 0.38833230628645676,
    "p_btts": 0.4817066221344834,
    "eg_home": 2.419591461059039,
    "eg_away": 0.7399999952092007,
    "eg_total": 3.15959145626824
  },
  "advance": {
    "home": 0.8597994464901031,
    "away": 0.1402005535098969
  }
}