{
  "match": "R32-76 Brazil vs Japan",
  "lambda_home": 1.66,
  "lambda_away": 0.86,
  "dc_rho": -0.05,
  "grid": {
    "0-0": 0.08620293911534832,
    "0-1": 0.0634521475528253,
    "0-2": 0.0297540059408014,
    "0-3": 0.008529481703029735,
    "0-4": 0.0018338385661513929,
    "0-5": 0.00031542023337803956,
    "0-6": 4.521023345085234e-05,
    "0-7": 5.554400109676144e-06,
    "0-8": 5.970980117901856e-07,
    "0-9": 5.7056032237728825e-08,
    "0-10": 4.90681877244468e-09,
    "1-0": 0.12781992676494303,
    "1-1": 0.12060751710422521,
    "1-2": 0.04939164986173033,
    "1-3": 0.01415893962702936,
    "1-4": 0.003044172019811312,
    "1-5": 0.0005235975874075457,
    "1-6": 7.504898752841488e-05,
    "1-7": 9.2203041820624e-06,
    "1-8": 9.91182699571708e-07,
    "1-9": 9.471301351462987e-08,
    "1-10": 8.145319162258168e-09,
    "2-0": 0.11085740774806967,
    "2-1": 0.09533737066333992,
    "2-2": 0.040995069385236164,
    "2-3": 0.011751919890434368,
    "2-4": 0.0025266627764433886,
    "2-5": 0.0004345859975482629,
    "2-6": 6.229065964858435e-05,
    "2-7": 7.652852471111792e-06,
    "2-8": 8.226816406445175e-07,
    "2-9": 7.861180121714278e-08,
    "2-10": 6.760614904674278e-09,
    "3-0": 0.06134109895393189,
    "3-1": 0.05275334510038142,
    "3-2": 0.02268393839316401,
    "3-3": 0.00650272900604035,
    "3-4": 0.001398086736298675,
    "3-5": 0.00024047091864337213,
    "3-6": 3.4467498338883336e-05,
    "3-7": 4.2345783673485245e-06,
    "3-8": 4.5521717448996636e-07,
    "3-9": 4.3498530006819006e-08,
    "3-10": 3.740873580586434e-09,
    "4-0": 0.02545655606588173,
    "4-1": 0.021892638216658288,
    "4-2": 0.009413834433163064,
    "4-3": 0.0026986325375067447,
    "4-4": 0.0005802059955639502,
    "4-5": 9.979543123699943e-05,
    "4-6": 1.4304011810636584e-05,
    "4-7": 1.7573500224496374e-06,
    "4-8": 1.8891512741333602e-07,
    "4-9": 1.8051889952829883e-08,
    "4-10": 1.5524625359433702e-09,
    "5-0": 0.008451576613872734,
    "5-1": 0.00726835588793055,
    "5-2": 0.0031253930318101367,
    "5-3": 0.0008959460024522393,
    "5-4": 0.00019262839052723143,
    "5-5": 3.31320831706838e-05,
    "5-6": 4.748931921131346e-06,
    "5-7": 5.834402074532796e-07,
    "5-8": 6.271982230122755e-08,
    "5-9": 5.993227464339521e-09,
    "5-10": 5.154175619331988e-10,
    "6-0": 0.002338269529838123,
    "6-1": 0.0020109117956607853,
    "6-2": 0.0008646920721341379,
    "6-3": 0.0002478783940117862,
    "6-4": 5.329385471253402e-05,
    "6-5": 9.166543010555852e-06,
    "6-6": 1.3138711648463388e-06,
    "6-7": 1.6141845739540733e-07,
    "6-8": 1.735248417000629e-08,
    "6-9": 1.658126265133934e-09,
    "6-10": 1.4259885880151835e-10,
    "7-0": 0.0005545039170758978,
    "7-1": 0.00047687336868527204,
    "7-2": 0.00020505554853466698,
    "7-3": 5.878259057993787e-05,
    "7-4": 1.2638256974686642e-05,
    "7-5": 2.1737801996461024e-06,
    "7-6": 3.115751619492747e-07,
    "7-7": 3.8279234182339456e-08,
    "7-8": 4.115017674601492e-09,
    "7-9": 3.9321280001747584e-10,
    "7-10": 3.381630080150292e-11,
    "8-0": 0.00011505956279324877,
    "8-1": 9.895122400219393e-05,
    "8-2": 4.254902632094339e-05,
    "8-3": 1.2197387545337105e-05,
    "8-4": 2.6224383222474776e-06,
    "8-5": 4.5105939142656614e-07,
    "8-6": 6.465184610447447e-08,
    "8-7": 7.942941092835436e-09,
    "8-8": 8.538661674798094e-10,
    "8-9": 8.159165600362622e-11,
    "8-10": 7.016882416311854e-12,
    "9-0": 2.122209713742144e-05,
    "9-1": 1.8251003538182438e-05,
    "9-2": 7.847931521418447e-06,
    "9-3": 2.249740369473288e-06,
    "9-4": 4.83694179436757e-07,
    "9-5": 8.31953988631222e-08,
    "9-6": 1.1924673837047515e-08,
    "9-7": 1.4650313571229803e-09,
    "9-8": 1.574908708907204e-10,
    "9-9": 1.504912766289106e-11,
    "9-10": 1.2942249790086311e-12,
    "10-0": 3.5228681248119588e-06,
    "10-1": 3.029666587338284e-06,
    "10-2": 1.302756632555462e-06,
    "10-3": 3.734569013325658e-07,
    "10-4": 8.029323378650164e-08,
    "10-5": 1.3810436211278284e-08,
    "10-6": 1.979495856949887e-09,
    "10-7": 2.431952052824147e-10,
    "10-8": 2.6143484567859582e-11,
    "10-9": 2.4981551920399153e-12,
    "10-10": 2.1484134651543272e-13
  },
  "summary": {
    "p_home": 0.5573535796359649,
    "p_draw": 0.25492294570911384,
    "p_away": 0.18772347465492142,
    "p_over": 0.4613060557737872,
    "p_under": 0.5386939442262129,
    "p_btts": 0.47290159907237417,
    "eg_home": 1.6599861803282503,
    "eg_away": 0.8599999778064551,
    "eg_total": 2.5199861581347056
  },
  "advance": {
    "home": 0.7152131713994485,
    "away": 0.2847868286005515
  }
}