{
  "match": "R32-075 Germany vs Paraguay",
  "lambda_home": 2.16,
  "lambda_away": 0.72,
  "dc_rho": -0.05,
  "grid": {
    "0-0": 0.06050081639240921,
    "0-1": 0.03605259456637924,
    "0-2": 0.014550374488673237,
    "0-3": 0.0034920898772815767,
    "0-4": 0.0006285761779106836,
    "0-5": 9.051496961913846e-05,
    "0-6": 1.0861796354296615e-05,
    "0-7": 1.1172133392990802e-06,
    "0-8": 1.0054920053691721e-07,
    "0-9": 8.043936042953377e-09,
    "0-10": 5.791633950926431e-10,
    "1-0": 0.11688800839234166,
    "1-1": 0.09166735927864139,
    "1-2": 0.03142880889553419,
    "1-3": 0.007542914134928205,
    "1-4": 0.0013577245442870766,
    "1-5": 0.00019551233437733908,
    "1-6": 2.3461480125280683e-05,
    "1-7": 2.413180812886013e-06,
    "1-8": 2.1718627315974118e-07,
    "1-9": 1.737490185277929e-08,
    "1-10": 1.250992933400109e-09,
    "2-0": 0.13095337039805913,
    "2-1": 0.09428642668660257,
    "2-2": 0.03394311360717693,
    "2-3": 0.008146347265722461,
    "2-4": 0.0014663425078300428,
    "2-5": 0.00021115332112752624,
    "2-6": 2.5338398535303144e-05,
    "2-7": 2.6062352779168946e-06,
    "2-8": 2.3456117501252053e-07,
    "2-9": 1.876489400100164e-08,
    "2-10": 1.351072368072118e-09,
    "3-0": 0.09428642668660257,
    "3-1": 0.06788622721435386,
    "3-2": 0.02443904179716739,
    "3-3": 0.005865370031320173,
    "3-4": 0.001055766605637631,
    "3-5": 0.0001520303912118189,
    "3-6": 1.8243646945418262e-05,
    "3-7": 1.876489400100164e-06,
    "3-8": 1.6888404600901479e-07,
    "3-9": 1.3510723680721178e-08,
    "3-10": 9.72772105011925e-10,
    "4-0": 0.0509146704107654,
    "4-1": 0.03665856269575109,
    "4-2": 0.013197082570470392,
    "4-3": 0.003167299816912894,
    "4-4": 0.0005701139670443208,
    "4-5": 8.209641125438221e-05,
    "4-6": 9.851569350525865e-06,
    "4-7": 1.0133042760540887e-06,
    "4-8": 9.119738484486798e-08,
    "4-9": 7.295790787589437e-09,
    "4-10": 5.252969367064396e-10,
    "5-0": 0.021995137617450655,
    "5-1": 0.01583649908456447,
    "5-2": 0.00570113967044321,
    "5-3": 0.0013682735209063703,
    "5-4": 0.0002462892337631466,
    "5-5": 3.546564966189312e-05,
    "5-6": 4.2558779594271735e-06,
    "5-7": 4.377474472553663e-07,
    "5-8": 3.939727025298297e-08,
    "5-9": 3.1517816202386373e-09,
    "5-10": 2.2692827665718192e-10,
    "6-0": 0.007918249542282235,
    "6-1": 0.00570113967044321,
    "6-2": 0.0020524102813595556,
    "6-3": 0.0004925784675262933,
    "6-4": 8.866412415473278e-05,
    "6-5": 1.2767633878281522e-05,
    "6-6": 1.5321160653937825e-06,
    "6-7": 1.575890810119319e-07,
    "6-8": 1.4183017291073872e-08,
    "6-9": 1.1346413832859095e-09,
    "6-10": 8.169417959658549e-11,
    "7-0": 0.0024433455730470902,
    "7-1": 0.001759208812593905,
    "7-2": 0.0006333151725338058,
    "7-3": 0.00015199564140811337,
    "7-4": 2.7359215453460405e-05,
    "7-5": 3.939727025298299e-06,
    "7-6": 4.7276724303579585e-07,
    "7-7": 4.862748785511042e-08,
    "7-8": 4.376473906959938e-09,
    "7-9": 3.50117912556795e-10,
    "7-10": 2.5208489704089242e-11,
    "8-0": 0.0006597033047227144,
    "8-1": 0.00047498637940035444,
    "8-2": 0.0001709950965841276,
    "8-3": 4.103882318019062e-05,
    "8-4": 7.38698817243431e-06,
    "8-5": 1.063726296830541e-06,
    "8-6": 1.2764715561966488e-07,
    "8-7": 1.3129421720879814e-08,
    "8-8": 1.1816479548791833e-09,
    "8-9": 9.453183639033465e-11,
    "8-10": 6.8062922201040954e-12,
    "9-0": 0.00015832879313345145,
    "9-1": 0.00011399673105608505,
    "9-2": 4.1038823180190614e-05,
    "9-3": 9.849317563245748e-06,
    "9-4": 1.7728771613842343e-06,
    "9-5": 2.5529431123932977e-07,
    "9-6": 3.063531734871957e-08,
    "9-7": 3.1510612130111553e-09,
    "9-8": 2.8359550917100397e-10,
    "9-9": 2.2687640733680313e-11,
    "9-10": 1.6335101328249828e-12,
    "10-0": 3.4199019316825526e-05,
    "10-1": 2.4623293908114376e-05,
    "10-2": 8.864385806921175e-06,
    "10-3": 2.127452593661082e-06,
    "10-4": 3.829414668589947e-07,
    "10-5": 5.514357122769525e-08,
    "10-6": 6.617228547323429e-09,
    "10-7": 6.806292220104097e-10,
    "10-8": 6.125662998093687e-11,
    "10-9": 4.900530398474949e-12,
    "10-10": 3.528381886901964e-13
  },
  "summary": {
    "p_home": 0.7008607530270962,
    "p_draw": 0.19258382087449555,
    "p_away": 0.10655542609840792,
    "p_over": 0.549387476483496,
    "p_under": 0.45061252351650405,
    "p_btts": 0.45842150560801115,
    "eg_home": 2.159848239261771,
    "eg_away": 0.7199999963842164,
    "eg_total": 2.8798482356459876
  },
  "advance": {
    "home": 0.8325673797899757,
    "away": 0.16743262021002425
  }
}