{
  "match": "R16-089 加拿大vs摩洛哥 主锚共识",
  "lambda_home": 0.84,
  "lambda_away": 1.48,
  "dc_rho": -0.04,
  "grid": {
    "0-0": 0.10316058465036208,
    "0-1": 0.1405580262020663,
    "0-2": 0.10762928330870143,
    "0-3": 0.05309711309895938,
    "0-4": 0.019645931846614968,
    "0-5": 0.005815195826598031,
    "0-6": 0.0014344149705608476,
    "0-7": 0.0003032763080614364,
    "0-8": 5.610611699136573e-05,
    "0-9": 9.22633923858014e-06,
    "0-10": 1.3654982073098608e-06,
    "1-0": 0.07766290082079447,
    "1-1": 0.1270607322952454,
    "1-2": 0.09040859797930921,
    "1-3": 0.04460157500312588,
    "1-4": 0.016502582751156573,
    "1-5": 0.004884764494342346,
    "1-6": 0.001204908575271112,
    "1-7": 0.0002547520987716066,
    "1-8": 4.7129138272747204e-05,
    "1-9": 7.750124960407317e-06,
    "1-10": 1.1470184941402832e-06,
    "2-0": 0.034670937866426096,
    "2-1": 0.051312988042310624,
    "2-2": 0.037971611151309856,
    "2-3": 0.018732661501312864,
    "2-4": 0.006931084755485759,
    "2-5": 0.0020516010876237846,
    "2-6": 0.0005060616016138668,
    "2-7": 0.00010699588148407471,
    "2-8": 1.9794238074553822e-05,
    "2-9": 3.2550524833710725e-06,
    "2-10": 4.817477675389188e-07,
    "3-0": 0.009707862602599307,
    "3-1": 0.014367636651846974,
    "3-2": 0.01063205112236676,
    "3-3": 0.0052451452203676014,
    "3-4": 0.0019407037315360125,
    "3-5": 0.0005744483045346598,
    "3-6": 0.00014169724845188272,
    "3-7": 2.995884681554092e-05,
    "3-8": 5.54238666087507e-06,
    "3-9": 9.114146953439004e-07,
    "3-10": 1.3488937491089726e-07,
    "4-0": 0.0020386511465458547,
    "4-1": 0.0030172036968878647,
    "4-2": 0.00223273073569702,
    "4-3": 0.0011014804962771964,
    "4-4": 0.00040754778362256264,
    "4-5": 0.00012063414395227855,
    "4-6": 2.9756422174895375e-05,
    "4-7": 6.291357831263594e-06,
    "4-8": 1.163901198783765e-06,
    "4-9": 1.9139708602221907e-07,
    "4-10": 2.832676873128843e-08,
    "5-0": 0.0003424933926197036,
    "5-1": 0.0005068902210771613,
    "5-2": 0.0003750987635970993,
    "5-3": 0.000185048723374569,
    "5-4": 6.846802764859053e-05,
    "5-5": 2.0266536183982795e-05,
    "5-6": 4.999078925382423e-06,
    "5-7": 1.0569481156522837e-06,
    "5-8": 1.955354013956725e-07,
    "5-9": 3.21547104517328e-08,
    "5-10": 4.758897146856456e-09,
    "6-0": 4.79490749667585e-05,
    "6-1": 7.096463095080258e-05,
    "6-2": 5.251382690359391e-05,
    "6-3": 2.5906821272439665e-05,
    "6-4": 9.585523870802673e-06,
    "6-5": 2.8373150657575916e-06,
    "6-6": 6.998710495535393e-07,
    "6-7": 1.4797273619131972e-07,
    "6-8": 2.737495619539415e-08,
    "6-9": 4.501659463242593e-09,
    "6-10": 6.66245600559904e-10,
    "7-0": 5.75388899601102e-06,
    "7-1": 8.51575571409631e-06,
    "7-2": 6.301659228431269e-06,
    "7-3": 3.108818552692759e-06,
    "7-4": 1.1502628644963209e-06,
    "7-5": 3.40477807890911e-07,
    "7-6": 8.398452594642471e-08,
    "7-7": 1.7756728342958367e-08,
    "7-8": 3.2849947434472974e-09,
    "7-9": 5.401991355891111e-10,
    "7-10": 7.994947206718845e-11,
    "8-0": 6.04158344581157e-07,
    "8-1": 8.941543499801124e-07,
    "8-2": 6.616742189852831e-07,
    "8-3": 3.264259480327397e-07,
    "8-4": 1.2077760077211365e-07,
    "8-5": 3.575016982854565e-08,
    "8-6": 8.818375224374594e-09,
    "8-7": 1.8644564760106283e-09,
    "8-8": 3.4492444806196624e-10,
    "8-9": 5.672090923685666e-11,
    "8-10": 8.394694567054788e-12,
    "9-0": 5.638811216090799e-08,
    "9-1": 8.345440599814381e-08,
    "9-2": 6.175626043862642e-08,
    "9-3": 3.046642181638904e-08,
    "9-4": 1.1272576072063942e-08,
    "9-5": 3.336682517330927e-09,
    "9-6": 8.23048354274962e-10,
    "9-7": 1.7401593776099196e-10,
    "9-8": 3.219294848578351e-11,
    "9-9": 5.293951528773288e-12,
    "9-10": 7.835048262584469e-13,
    "10-0": 4.7366014215162705e-09,
    "10-1": 7.0101701038440796e-09,
    "10-2": 5.187525876844619e-09,
    "10-3": 2.559179432576679e-09,
    "10-4": 9.46896390053371e-10,
    "10-5": 2.8028133145579783e-10,
    "10-6": 6.913606175909681e-11,
    "10-7": 1.4617338771923324e-11,
    "10-8": 2.7042076728058147e-12,
    "10-9": 4.4469192841695613e-13,
    "10-10": 6.581440540570953e-14
  },
  "summary": {
    "p_home": 0.208460376485526,
    "p_draw": 0.27386660561515364,
    "p_away": 0.5176730178993205,
    "p_over": 0.40925753485640454,
    "p_under": 0.5907424651435955,
    "p_btts": 0.4438122617576322,
    "eg_home": 0.8399999825215974,
    "eg_away": 1.4799953187674764,
    "eg_total": 2.3199953012890737
  },
  "advance": {
    "home": 0.3141625015520173,
    "away": 0.6858374984479827
  }
}