{
  "match": "QF-98 Spain vs Belgium",
  "lambda_home": 1.86,
  "lambda_away": 0.94,
  "dc_rho": -0.1,
  "grid": {
    "0-0": 0.07144239756201648,
    "0-1": 0.046529625241354164,
    "0-2": 0.026865999832231518,
    "0-3": 0.008418013280765876,
    "0-4": 0.0019782331209799806,
    "0-5": 0.0003719078267442363,
    "0-6": 5.826555952326367e-05,
    "0-7": 7.824232278838264e-06,
    "0-8": 9.193472927634961e-07,
    "0-9": 9.602071724418737e-08,
    "0-10": 9.025947420953612e-09,
    "1-0": 0.10247512059140623,
    "1-1": 0.11695284182286321,
    "1-2": 0.04997075968795063,
    "1-3": 0.015657504702224528,
    "1-4": 0.0036795136050227642,
    "1-5": 0.0006917485577442795,
    "1-6": 0.00010837394071327044,
    "1-7": 1.4553072038639175e-05,
    "1-8": 1.709985964540103e-06,
    "1-9": 1.7859853407418855e-07,
    "1-10": 1.678826220297372e-08,
    "2-0": 0.10518969332230442,
    "2-1": 0.09887831172296616,
    "2-2": 0.046472806509794094,
    "2-3": 0.014561479373068814,
    "2-4": 0.0034219476526711713,
    "2-5": 0.0006433261587021801,
    "2-6": 0.00010078776486334152,
    "2-7": 1.3534356995934434e-05,
    "2-8": 1.590286947022296e-06,
    "2-9": 1.6609663668899535e-07,
    "2-10": 1.5613083848765562e-08,
    "3-0": 0.06521760985982873,
    "3-1": 0.06130455326823901,
    "3-2": 0.028813140036072337,
    "3-3": 0.009028117211302665,
    "3-4": 0.0021216075446561255,
    "3-5": 0.0003988622183953516,
    "3-6": 6.248841421527174e-05,
    "3-7": 8.391301337479347e-06,
    "3-8": 9.859779071538233e-07,
    "3-9": 1.0297991474717711e-07,
    "3-10": 9.680111986234647e-09,
    "4-0": 0.030326188584820363,
    "4-1": 0.02850661726973114,
    "4-2": 0.013398110116773637,
    "4-3": 0.004198074503255739,
    "4-4": 0.0009865475082650984,
    "4-5": 0.00018547093155383851,
    "4-6": 2.9057112610101362e-05,
    "4-7": 3.901955121927897e-06,
    "4-8": 4.584797268265279e-07,
    "4-9": 4.788566035743736e-08,
    "4-10": 4.5012520735991115e-09,
    "5-0": 0.011281342153553175,
    "5-1": 0.010604461624339985,
    "5-2": 0.004984096963439794,
    "5-3": 0.001561683715211135,
    "5-4": 0.0003669956730746167,
    "5-5": 6.899518653802793e-05,
    "5-6": 1.0809245890957707e-05,
    "5-7": 1.4515273053571777e-06,
    "5-8": 1.705544583794684e-07,
    "5-9": 1.78134656529667e-08,
    "5-10": 1.6744657713788694e-09,
    "6-0": 0.0034972160676014848,
    "6-1": 0.0032873831035453954,
    "6-2": 0.0015450700586663358,
    "6-3": 0.00048412195171545184,
    "6-4": 0.00011376865865313118,
    "6-5": 2.138850782678866e-05,
    "6-6": 3.350866226196889e-06,
    "6-7": 4.4997346466072516e-07,
    "6-8": 5.2871882097635205e-08,
    "6-9": 5.522174352419678e-09,
    "6-10": 5.190843891274496e-10,
    "7-0": 0.0009292602693912518,
    "7-1": 0.0008735046532277767,
    "7-2": 0.00041054718701705504,
    "7-3": 0.00012863811859867722,
    "7-4": 3.0229957870689147e-05,
    "7-5": 5.683232079689559e-06,
    "7-6": 8.903730258180307e-07,
    "7-7": 1.19564377752707e-07,
    "7-8": 1.404881438594307e-08,
    "7-9": 1.467320613642943e-09,
    "7-10": 1.3792813768243663e-10,
    "8-0": 0.00021605301263346604,
    "8-1": 0.00020308983187545808,
    "8-2": 9.54522209814653e-05,
    "8-3": 2.9908362574192453e-05,
    "8-4": 7.028465204935226e-06,
    "8-5": 1.3213514585278225e-06,
    "8-6": 2.0701172850269213e-07,
    "8-7": 2.7798717827504376e-08,
    "8-8": 3.266349344731764e-09,
    "8-9": 3.4115204267198424e-10,
    "8-10": 3.206829201116652e-11,
    "9-0": 4.465095594424965e-05,
    "9-1": 4.1971898587594675e-05,
    "9-2": 1.9726792336169498e-05,
    "9-3": 6.181061598666442e-06,
    "9-4": 1.4525494756866137e-06,
    "9-5": 2.730793014290833e-07,
    "9-6": 4.278242389055638e-08,
    "9-7": 5.745068351017572e-09,
    "9-8": 6.750455312445647e-10,
    "9-9": 7.050475548554343e-11,
    "9-10": 6.627447015641081e-12,
    "10-0": 8.305077805630434e-06,
    "10-1": 7.806773137292606e-06,
    "10-2": 3.6691833745275258e-06,
    "10-3": 1.149677457351958e-06,
    "10-4": 2.701742024777101e-07,
    "10-5": 5.079275006580949e-08,
    "10-6": 7.957530843643485e-09,
    "10-7": 1.0685827132892681e-09,
    "10-8": 1.25558468811489e-10,
    "10-9": 1.3113884520311073e-11,
    "10-10": 1.2327051449092406e-12
  },
  "summary": {
    "p_home": 0.5791223559827052,
    "p_draw": 0.24495517956947035,
    "p_away": 0.175922464447825,
    "p_over": 0.5305443216278244,
    "p_under": 0.4694556783721756,
    "p_btts": 0.5251412690548595,
    "eg_home": 1.8599604548287736,
    "eg_away": 0.9399999454987394,
    "eg_total": 2.799960400327513
  },
  "advance": {
    "home": 0.7272796153425213,
    "away": 0.2727203846574787
  }
}