{
  "match": "3RD-103 France vs England",
  "lambda_home": 1.86,
  "lambda_away": 1.36,
  "dc_rho": -0.16,
  "grid": {
    "0-0": 0.05612655889129043,
    "0-1": 0.038167798897963505,
    "0-2": 0.03695060257775512,
    "0-3": 0.016750939835248984,
    "0-4": 0.005695319543984656,
    "0-5": 0.0015491269159638263,
    "0-6": 0.000351135434285134,
    "0-7": 6.822059866111175e-05,
    "0-8": 1.1597501772388999e-05,
    "0-9": 1.7525113789387822e-06,
    "0-10": 2.383415475356744e-07,
    "1-0": 0.058145417073652915,
    "1-1": 0.11724208841435946,
    "1-2": 0.06872812079462452,
    "1-3": 0.031156748093563117,
    "1-4": 0.010593294351811462,
    "1-5": 0.002881376063692717,
    "1-6": 0.0006531119077703494,
    "1-7": 0.00012689031350966788,
    "1-8": 2.1571353296643538e-05,
    "1-9": 3.2596711648261353e-06,
    "1-10": 4.433152784163545e-07,
    "2-0": 0.06911456784061505,
    "2-1": 0.09399581226323647,
    "2-2": 0.06391715233900082,
    "2-3": 0.0289757757270137,
    "2-4": 0.009851763747184659,
    "2-5": 0.002679679739234227,
    "2-6": 0.0006073940742264248,
    "2-7": 0.00011800799156399114,
    "2-8": 2.0061358565878493e-05,
    "2-9": 3.0314941832883066e-06,
    "2-10": 4.122832089272097e-07,
    "3-0": 0.042851032061181335,
    "3-1": 0.05827740360320661,
    "3-2": 0.0396286344501805,
    "3-3": 0.017964980950748492,
    "3-4": 0.006108093523254488,
    "3-5": 0.0016614014383252208,
    "3-6": 0.00037658432602038344,
    "3-7": 7.31649547696745e-05,
    "3-8": 1.2438042310844666e-05,
    "3-9": 1.8795263936387498e-06,
    "3-10": 2.5561558953487e-07,
    "4-0": 0.01992572990844932,
    "4-1": 0.027098992675491075,
    "4-2": 0.018427315019333933,
    "4-3": 0.008353716142098051,
    "4-4": 0.0028402634883133372,
    "4-5": 0.0007725516688212277,
    "4-6": 0.0001751117115994783,
    "4-7": 3.402170396789865e-05,
    "4-8": 5.783689674542769e-06,
    "4-9": 8.739797730420187e-07,
    "4-10": 1.1886124913371455e-07,
    "5-0": 0.007412371525943148,
    "5-1": 0.01008082527528268,
    "5-2": 0.006854961187192224,
    "5-3": 0.003107582404860475,
    "5-4": 0.0010565780176525613,
    "5-5": 0.0002873892208014967,
    "5-6": 6.514155671500594e-05,
    "5-7": 1.2656073876058297e-05,
    "5-8": 2.1515325589299107e-06,
    "5-9": 3.25120475571631e-07,
    "5-10": 4.421638467774181e-08,
    "6-0": 0.002297835173042376,
    "6-1": 0.003125055835337631,
    "6-2": 0.0021250379680295894,
    "6-3": 0.0009633505455067472,
    "6-4": 0.0003275391854722941,
    "6-5": 8.909065844846398e-05,
    "6-6": 2.019388258165184e-05,
    "6-7": 3.923382901578072e-06,
    "6-8": 6.669750932682723e-07,
    "6-9": 1.0078734742720561e-07,
    "6-10": 1.3707079250099964e-08,
    "7-0": 0.0006105676316941171,
    "7-1": 0.0008303719791039993,
    "7-2": 0.0005646529457907196,
    "7-3": 0.0002559760020917928,
    "7-4": 8.703184071120958e-05,
    "7-5": 2.3672660673449007e-05,
    "7-6": 5.365803085981776e-06,
    "7-7": 1.0424988852764593e-06,
    "7-8": 1.772248104969981e-07,
    "7-9": 2.6780638030657494e-08,
    "7-10": 3.6421667721694196e-09,
    "8-0": 0.0001419569743688822,
    "8-1": 0.0001930614851416798,
    "8-2": 0.0001312818098963423,
    "8-3": 5.951442048634184e-05,
    "8-4": 2.023490296535623e-05,
    "8-5": 5.503893606576894e-06,
    "8-6": 1.2475492174907627e-06,
    "8-7": 2.423809908267768e-07,
    "8-8": 4.1204768440552056e-08,
    "8-9": 6.2264983421278675e-09,
    "8-10": 8.468037745293899e-10,
    "9-0": 2.933777470290233e-05,
    "9-1": 3.9899373595947166e-05,
    "9-2": 2.7131574045244077e-05,
    "9-3": 1.229964690051065e-05,
    "9-4": 4.181879946173621e-06,
    "9-5": 1.1374713453592248e-06,
    "9-6": 2.578268382814243e-07,
    "9-7": 5.009207143753387e-08,
    "9-8": 8.51565214438076e-09,
    "9-9": 1.2868096573730927e-09,
    "9-10": 1.7500611340274061e-10,
    "10-0": 5.456826094739832e-06,
    "10-1": 7.421283488846171e-06,
    "10-2": 5.0464727724153975e-06,
    "10-3": 2.28773432349498e-06,
    "10-4": 7.778296699882934e-07,
    "10-5": 2.115696702368158e-07,
    "10-6": 4.795579192034492e-08,
    "10-7": 9.317125287381299e-09,
    "10-8": 1.583911298854821e-09,
    "10-9": 2.393465962713952e-10,
    "10-10": 3.2551137092909744e-11
  },
  "summary": {
    "p_home": 0.47632509606133105,
    "p_draw": 0.2583997122101102,
    "p_away": 0.2652751917285583,
    "p_over": 0.6242529663043632,
    "p_under": 0.3757470336956368,
    "p_btts": 0.6437924361604033,
    "eg_home": 1.8599604548287714,
    "eg_away": 1.359997917789863,
    "eg_total": 3.2199583726186343
  },
  "advance": {
    "home": 0.6196872807721605,
    "away": 0.3803127192278395
  }
}