{
  "match": "R16-090 巴拉圭vs法国 主锚Poly+共识(7/4赛日版)",
  "lambda_home": 0.5,
  "lambda_away": 2.52,
  "dc_rho": 0.0,
  "grid": {
    "0-0": 0.0488044430182307,
    "0-1": 0.12298719640594137,
    "0-2": 0.15496386747148613,
    "0-3": 0.13016964867604836,
    "0-4": 0.08200687866591047,
    "0-5": 0.04133146684761887,
    "0-6": 0.01735921607599993,
    "0-7": 0.006249317787359974,
    "0-8": 0.0019685351030183916,
    "0-9": 0.0005511898288451497,
    "0-10": 0.00013889983686897773,
    "1-0": 0.02440222150911535,
    "1-1": 0.061493598202970685,
    "1-2": 0.07748193373574307,
    "1-3": 0.06508482433802418,
    "1-4": 0.041003439332955235,
    "1-5": 0.020665733423809434,
    "1-6": 0.008679608037999964,
    "1-7": 0.003124658893679987,
    "1-8": 0.0009842675515091958,
    "1-9": 0.00027559491442257487,
    "1-10": 6.944991843448887e-05,
    "2-0": 0.006100555377278837,
    "2-1": 0.015373399550742671,
    "2-2": 0.019370483433935767,
    "2-3": 0.016271206084506044,
    "2-4": 0.010250859833238809,
    "2-5": 0.0051664333559523585,
    "2-6": 0.002169902009499991,
    "2-7": 0.0007811647234199967,
    "2-8": 0.00024606688787729894,
    "2-9": 6.889872860564372e-05,
    "2-10": 1.7362479608622217e-05,
    "3-0": 0.0010167592295464729,
    "3-1": 0.0025622332584571117,
    "3-2": 0.0032284139056559615,
    "3-3": 0.0027118676807510074,
    "3-4": 0.0017084766388731347,
    "3-5": 0.0008610722259920598,
    "3-6": 0.0003616503349166652,
    "3-7": 0.00013019412056999947,
    "3-8": 4.101114797954983e-05,
    "3-9": 1.1483121434273952e-05,
    "3-10": 2.8937466014370363e-06,
    "4-0": 0.0001270949036933091,
    "4-1": 0.00032027915730713897,
    "4-2": 0.0004035517382069952,
    "4-3": 0.0003389834600938759,
    "4-4": 0.00021355957985914184,
    "4-5": 0.00010763402824900747,
    "4-6": 4.520629186458315e-05,
    "4-7": 1.6274265071249933e-05,
    "4-8": 5.1263934974437286e-06,
    "4-9": 1.435390179284244e-06,
    "4-10": 3.6171832517962953e-07,
    "5-0": 1.2709490369330912e-05,
    "5-1": 3.20279157307139e-05,
    "5-2": 4.0355173820699515e-05,
    "5-3": 3.389834600938759e-05,
    "5-4": 2.1355957985914183e-05,
    "5-5": 1.0763402824900749e-05,
    "5-6": 4.5206291864583145e-06,
    "5-7": 1.6274265071249933e-06,
    "5-8": 5.126393497443728e-07,
    "5-9": 1.4353901792842438e-07,
    "5-10": 3.617183251796295e-08,
    "6-0": 1.0591241974442427e-06,
    "6-1": 2.668992977559491e-06,
    "6-2": 3.36293115172496e-06,
    "6-3": 2.824862167448966e-06,
    "6-4": 1.7796631654928486e-06,
    "6-5": 8.969502354083956e-07,
    "6-6": 3.767190988715262e-07,
    "6-7": 1.3561887559374944e-07,
    "6-8": 4.2719945812031065e-08,
    "6-9": 1.1961584827368698e-08,
    "6-10": 3.0143193764969126e-09,
    "7-0": 7.565172838887447e-08,
    "7-1": 1.906423555399637e-07,
    "7-2": 2.402093679803543e-07,
    "7-3": 2.0177586910349755e-07,
    "7-4": 1.2711879753520348e-07,
    "7-5": 6.406787395774254e-08,
    "7-6": 2.6908507062251867e-08,
    "7-7": 9.687062542410673e-09,
    "7-8": 3.0514247008593617e-09,
    "7-9": 8.543989162406214e-10,
    "7-10": 2.153085268926366e-10,
    "8-0": 4.728233024304654e-09,
    "8-1": 1.191514722124773e-08,
    "8-2": 1.5013085498772142e-08,
    "8-3": 1.2610991818968597e-08,
    "8-4": 7.944924845950217e-09,
    "8-5": 4.004242122358909e-09,
    "8-6": 1.6817816913907417e-09,
    "8-7": 6.05441408900667e-10,
    "8-8": 1.907140438037101e-10,
    "8-9": 5.339993226503884e-11,
    "8-10": 1.3456782930789787e-11,
    "9-0": 2.626796124613697e-10,
    "9-1": 6.619526234026516e-10,
    "9-2": 8.340603054873411e-10,
    "9-3": 7.006106566093665e-10,
    "9-4": 4.4138471366390095e-10,
    "9-5": 2.2245789568660603e-10,
    "9-6": 9.343231618837455e-11,
    "9-7": 3.363563382781484e-11,
    "9-8": 1.0595224655761672e-11,
    "9-9": 2.9666629036132686e-12,
    "9-10": 7.475990517105437e-13,
    "10-0": 1.3133980623068485e-11,
    "10-1": 3.309763117013258e-11,
    "10-2": 4.1703015274367063e-11,
    "10-3": 3.5030532830468324e-11,
    "10-4": 2.2069235683195046e-11,
    "10-5": 1.1122894784330301e-11,
    "10-6": 4.6716158094187274e-12,
    "10-7": 1.6817816913907423e-12,
    "10-8": 5.297612327880837e-13,
    "10-9": 1.4833314518066343e-13,
    "10-10": 3.737995258552719e-14
  },
  "summary": {
    "p_home": 0.05402741980025382,
    "p_draw": 0.1326051019184517,
    "p_away": 0.8133674782812939,
    "p_over": 0.5812481180149766,
    "p_under": 0.41875188198502344,
    "p_btts": 0.36180885999269574,
    "eg_home": 0.49999999991838673,
    "eg_away": 2.519422902068835,
    "eg_total": 3.0194229019872214
  },
  "advance": {
    "home": 0.08673116382400242,
    "away": 0.9132688361759975
  }
}