{
  "match": "R32-082 USA vs Bosnia",
  "lambda_home": 2.14,
  "lambda_away": 0.86,
  "dc_rho": -0.1,
  "grid": {
    "0-0": 0.05895078905980913,
    "0-1": 0.03365458546406251,
    "0-2": 0.01841154166609018,
    "0-3": 0.005277975277612518,
    "0-4": 0.0011347646846866914,
    "0-5": 0.00019517952576611093,
    "0-6": 2.7975732026475897e-05,
    "0-7": 3.4370185061098956e-06,
    "0-8": 3.6947948940681383e-07,
    "0-9": 3.53058178766511e-08,
    "0-10": 3.036300337391994e-09,
    "1-0": 0.09738301524393117,
    "1-1": 0.10079248623715414,
    "1-2": 0.039400699165432984,
    "1-3": 0.011294867094090789,
    "1-4": 0.0024283964252295193,
    "1-5": 0.00041768418513947735,
    "1-6": 5.986806653665842e-05,
    "1-7": 7.355219603075177e-06,
    "1-8": 7.906861073305815e-07,
    "1-9": 7.555445025603333e-08,
    "1-10": 6.497682722018867e-09,
    "2-0": 0.11400418633589318,
    "2-1": 0.09804360024886813,
    "2-2": 0.0421587481070133,
    "2-3": 0.012085507790677146,
    "2-4": 0.002598384174995586,
    "2-5": 0.0004469220780992408,
    "2-6": 6.405883119422451e-05,
    "2-7": 7.870084975290441e-06,
    "2-8": 8.460341348437224e-07,
    "2-9": 8.084326177395568e-08,
    "2-10": 6.952520512560189e-09,
    "3-0": 0.08132298625293713,
    "3-1": 0.06993776817752594,
    "3-2": 0.03007324031633615,
    "3-3": 0.008620995557349697,
    "3-4": 0.0018535140448301846,
    "3-5": 0.00031880441571079175,
    "3-6": 4.569529958521349e-05,
    "3-7": 5.6139939490405135e-06,
    "3-8": 6.035043495218553e-07,
    "3-9": 5.766819339875505e-08,
    "3-10": 4.959464632292934e-09,
    "4-0": 0.043507797645321374,
    "4-1": 0.03741670597497638,
    "4-2": 0.016089183569239846,
    "4-3": 0.004612232623182088,
    "4-4": 0.000991630013984149,
    "4-5": 0.00017056036240527364,
    "4-6": 2.444698527808922e-05,
    "4-7": 3.0034867627366753e-06,
    "4-8": 3.2287482699419265e-07,
    "4-9": 3.0852483468333955e-08,
    "4-10": 2.6533135782767206e-09,
    "5-0": 0.018621337392197554,
    "5-1": 0.016014350157289893,
    "5-2": 0.006886170567634654,
    "5-3": 0.001974035562721934,
    "5-4": 0.0004244176459852158,
    "5-5": 7.299983510945713e-05,
    "5-6": 1.0463309699022186e-05,
    "5-7": 1.2854923344512972e-06,
    "5-8": 1.3819042595351447e-07,
    "5-9": 1.3204862924446935e-08,
    "5-10": 1.1356182115024364e-09,
    "6-0": 0.00664161033655046,
    "6-1": 0.005711784889433395,
    "6-2": 0.00245606750245636,
    "6-3": 0.0007040726840374898,
    "6-4": 0.0001513756270680603,
    "6-5": 2.6036607855706375e-05,
    "6-6": 3.7319137926512466e-06,
    "6-7": 4.58492265954296e-07,
    "6-8": 4.928791859008682e-08,
    "6-9": 4.70973444305274e-09,
    "6-10": 4.050371621025357e-10,
    "7-0": 0.0020304351600311404,
    "7-1": 0.0017461742376267805,
    "7-2": 0.0007508549221795157,
    "7-3": 0.00021524507769146118,
    "7-4": 4.6277691703664145e-05,
    "7-5": 7.959762973030236e-06,
    "7-6": 1.1408993594676669e-06,
    "7-7": 1.4016763559174192e-07,
    "7-8": 1.5068020826112255e-08,
    "7-9": 1.4398331011618378e-09,
    "7-10": 1.2382564669991803e-10,
    "8-0": 0.0005431414053083302,
    "8-1": 0.00046710160856516396,
    "8-2": 0.0002008536916830205,
    "8-3": 5.757805828246587e-05,
    "8-4": 1.2379282530730161e-05,
    "8-5": 2.129236595285588e-06,
    "8-6": 3.0519057865760094e-07,
    "8-7": 3.749484252079097e-08,
    "8-8": 4.030695570985029e-09,
    "8-9": 3.851553545607917e-10,
    "8-10": 3.312336049222808e-11,
    "9-0": 0.00012914695637331405,
    "9-1": 0.00011106638248105008,
    "9-2": 4.775854446685154e-05,
    "9-3": 1.3690782747164109e-05,
    "9-4": 2.943518290640283e-06,
    "9-5": 5.062851459901287e-07,
    "9-6": 7.256753759191845e-08,
    "9-7": 8.91544033272141e-09,
    "9-8": 9.584098357675514e-10,
    "9-9": 9.158138430667713e-11,
    "9-10": 7.875999050374233e-12,
    "10-0": 2.763744866388921e-05,
    "10-1": 2.376820585094472e-05,
    "10-2": 1.022032851590623e-05,
    "10-3": 2.9298275078931194e-06,
    "10-4": 6.299129141970206e-07,
    "10-5": 1.0834502124188756e-07,
    "10-6": 1.552945304467055e-08,
    "10-7": 1.9079042312023815e-09,
    "10-8": 2.0509970485425605e-10,
    "10-9": 1.9598416241628907e-11,
    "10-10": 1.685463796780086e-12
  },
  "summary": {
    "p_home": 0.6584540957228154,
    "p_draw": 0.2115915250158105,
    "p_away": 0.1299543792613736,
    "p_over": 0.5768033959930592,
    "p_under": 0.4231966040069408,
    "p_btts": 0.5181320495726248,
    "eg_home": 2.1398602328930596,
    "eg_away": 0.859999977806455,
    "eg_total": 2.9998602106995147
  },
  "advance": {
    "home": 0.796199828531807,
    "away": 0.20380017146819296
  }
}