{
  "match": "墨西哥 vs 英格兰",
  "lambda_home": 1.02,
  "lambda_away": 1.26,
  "dc_rho": -0.07,
  "grid": {
    "0-0": 0.11148611569349727,
    "0-1": 0.11967621761962484,
    "0-2": 0.08119321247077714,
    "0-3": 0.0341011492377264,
    "0-4": 0.010741862009883816,
    "0-5": 0.0027069492264907213,
    "0-6": 0.0005684593375630515,
    "0-7": 0.00010232268076134928,
    "0-8": 1.611582221991251e-05,
    "0-9": 2.2562151107877513e-06,
    "0-10": 2.842831039592567e-07,
    "1-0": 0.09512800523239062,
    "1-1": 0.14065757474699392,
    "1-2": 0.08281707672019269,
    "1-3": 0.034783172222480924,
    "1-4": 0.010956699250081492,
    "1-5": 0.002761088211020536,
    "1-6": 0.0005798285243143126,
    "1-7": 0.00010436913437657626,
    "1-8": 1.6438138664310758e-05,
    "1-9": 2.3013394130035063e-06,
    "1-10": 2.8996876603844187e-07,
    "2-0": 0.05320825034933013,
    "2-1": 0.06704239544015597,
    "2-2": 0.042236709127298266,
    "2-3": 0.01773941783346527,
    "2-4": 0.0055879166175415605,
    "2-5": 0.0014081549876204733,
    "2-6": 0.00029571254740029946,
    "2-7": 5.32282585320539e-05,
    "2-8": 8.383450718798487e-06,
    "2-9": 1.1736831006317883e-06,
    "2-10": 1.4788407067960534e-07,
    "3-0": 0.01809080511877225,
    "3-1": 0.022794414449653036,
    "3-2": 0.014360481103281414,
    "3-3": 0.006031402063378194,
    "3-4": 0.001899891649964131,
    "3-5": 0.00047877269579096106,
    "3-6": 0.00010054226611610184,
    "3-7": 1.8097607900898327e-05,
    "3-8": 2.850373244391486e-06,
    "3-9": 3.9905225421480807e-07,
    "3-10": 5.0280584031065825e-08,
    "4-0": 0.004613155305286924,
    "4-1": 0.005812575684661524,
    "4-2": 0.00366192268133676,
    "4-3": 0.0015380075261614392,
    "4-4": 0.00048447237074085333,
    "4-5": 0.00012208703742669504,
    "4-6": 2.5638277859605964e-05,
    "4-7": 4.6148900147290735e-06,
    "4-8": 7.26845177319829e-07,
    "4-9": 1.0175832482477605e-07,
    "4-10": 1.2821548927921783e-08,
    "5-0": 0.0009410836822785323,
    "5-1": 0.0011857654396709506,
    "5-2": 0.000747032226992699,
    "5-3": 0.0003137535353369336,
    "5-4": 9.883236363113408e-05,
    "5-5": 2.4905755635045786e-05,
    "5-6": 5.230208683359616e-06,
    "5-7": 9.414375630047309e-07,
    "5-8": 1.4827641617324508e-07,
    "5-9": 2.0758698264254312e-08,
    "5-10": 2.6155959812960434e-09,
    "6-0": 0.00015998422598735053,
    "6-1": 0.00020158012474406166,
    "6-2": 0.00012699547858875885,
    "6-3": 5.333810100727872e-05,
    "6-4": 1.6801501817292795e-05,
    "6-5": 4.233978457957785e-06,
    "6-6": 8.89135476171135e-07,
    "6-7": 1.600443857108043e-07,
    "6-8": 2.520699074945167e-08,
    "6-9": 3.5289787049232338e-09,
    "6-10": 4.446513168203275e-10,
    "7-0": 2.3311987215299645e-05,
    "7-1": 2.9373103891277554e-05,
    "7-2": 1.850505545150486e-05,
    "7-3": 7.772123289632041e-06,
    "7-4": 2.448218836234093e-06,
    "7-5": 6.169511467309914e-07,
    "7-6": 1.2955974081350822e-07,
    "7-7": 2.332075334643148e-08,
    "7-8": 3.673018652062957e-09,
    "7-9": 5.14222611288814e-10,
    "7-10": 6.479204902239057e-11,
    "8-0": 2.9722783699507052e-06,
    "8-1": 3.7450707461378884e-06,
    "8-2": 2.3593945700668697e-06,
    "8-3": 9.909457194280852e-07,
    "8-4": 3.121479016198469e-07,
    "8-5": 7.866127120820142e-08,
    "8-6": 1.65188669537223e-08,
    "8-7": 2.9733960516700136e-09,
    "8-8": 4.683098781380271e-10,
    "8-9": 6.55633829393238e-11,
    "8-10": 8.260986250354797e-12,
    "9-0": 3.368582152610799e-07,
    "9-1": 4.2444135122896067e-07,
    "9-2": 2.673980512742453e-07,
    "9-3": 1.1230718153518301e-07,
    "9-4": 3.537676218358265e-08,
    "9-5": 8.914944070262827e-09,
    "9-6": 1.8721382547551937e-09,
    "9-7": 3.369848858559349e-10,
    "9-8": 5.307511952230973e-11,
    "9-9": 7.430516733123363e-12,
    "9-10": 9.362451083735439e-13,
    "10-0": 3.435953795663015e-08,
    "10-1": 4.329301782535399e-08,
    "10-2": 2.7274601229973015e-08,
    "10-3": 1.1455332516588666e-08,
    "10-4": 3.6084297427254296e-09,
    "10-5": 9.093242951668083e-10,
    "10-6": 1.9095810198502977e-10,
    "10-7": 3.437245835730536e-11,
    "10-8": 5.4136621912755934e-12,
    "10-9": 7.579127067785829e-13,
    "10-10": 9.549700105410147e-14
  },
  "summary": {
    "p_home": 0.29019335723040524,
    "p_draw": 0.3009220926896089,
    "p_away": 0.4088845500799857,
    "p_over": 0.398650623887386,
    "p_under": 0.6013493761126141,
    "p_btts": 0.46723711600585643,
    "eg_home": 1.0199998764455218,
    "eg_away": 1.2599990066507696,
    "eg_total": 2.279998883096291
  },
  "advance": {
    "home": 0.42865784681915986,
    "away": 0.5713421531808401
  }
}