{
  "match": "QF-97 France vs Morocco",
  "lambda_home": 1.8,
  "lambda_away": 0.8,
  "dc_rho": -0.07,
  "grid": {
    "0-0": 0.08176061040019139,
    "0-1": 0.051932248175702966,
    "0-2": 0.02376761930238122,
    "0-3": 0.006338031813968328,
    "0-4": 0.0012676063627936652,
    "0-5": 0.00020281701804698645,
    "0-6": 2.704226907293153e-05,
    "0-7": 3.0905450369064606e-06,
    "0-8": 3.0905450369064616e-07,
    "0-9": 2.747151143916854e-08,
    "0-10": 2.197720915133483e-09,
    "1-0": 0.12620605849564429,
    "1-1": 0.11444108694096558,
    "1-2": 0.0427817147442862,
    "1-3": 0.01140845726514299,
    "1-4": 0.002281691453028598,
    "1-5": 0.0003650706324845756,
    "1-6": 4.867608433127676e-05,
    "1-7": 5.56298106643163e-06,
    "1-8": 5.562981066431631e-07,
    "1-9": 4.944872059050337e-08,
    "1-10": 3.955897647240271e-09,
    "2-0": 0.12032357271830493,
    "2-1": 0.09625885817464394,
    "2-2": 0.03850354326985758,
    "2-3": 0.010267611538628691,
    "2-4": 0.002053522307725738,
    "2-5": 0.00032856356923611807,
    "2-6": 4.3808475898149086e-05,
    "2-7": 5.006682959788467e-06,
    "2-8": 5.006682959788467e-07,
    "2-9": 4.450384853145304e-08,
    "2-10": 3.5603078825162435e-09,
    "3-0": 0.07219414363098296,
    "3-1": 0.057755314904786366,
    "3-2": 0.023102125961914553,
    "3-3": 0.0061605669231772145,
    "3-4": 0.0012321133846354428,
    "3-5": 0.00019713814154167085,
    "3-6": 2.628508553888945e-05,
    "3-7": 3.00400977587308e-06,
    "3-8": 3.004009775873081e-07,
    "3-9": 2.6702309118871825e-08,
    "3-10": 2.136184729509746e-09,
    "4-0": 0.03248736463394233,
    "4-1": 0.025989891707153857,
    "4-2": 0.010395956682861545,
    "4-3": 0.002772255115429746,
    "4-4": 0.000554451023085949,
    "4-5": 8.871216369375186e-05,
    "4-6": 1.182828849250025e-05,
    "4-7": 1.3518043991428857e-06,
    "4-8": 1.351804399142886e-07,
    "4-9": 1.2016039103492318e-08,
    "4-10": 9.612831282793856e-10,
    "5-0": 0.011695451268219241,
    "5-1": 0.009356361014575392,
    "5-2": 0.0037425444058301572,
    "5-3": 0.0009980118415547088,
    "5-4": 0.00019960236831094173,
    "5-5": 3.1936378929750676e-05,
    "5-6": 4.2581838573000914e-06,
    "5-7": 4.86649583691439e-07,
    "5-8": 4.866495836914391e-08,
    "5-9": 4.325774077257236e-09,
    "5-10": 3.460619261805789e-10,
    "6-0": 0.0035086353804657717,
    "6-1": 0.0028069083043726177,
    "6-2": 0.001122763321749047,
    "6-3": 0.00029940355246641263,
    "6-4": 5.988071049328252e-05,
    "6-5": 9.580913678925204e-06,
    "6-6": 1.2774551571900273e-06,
    "6-7": 1.459948751074317e-07,
    "6-8": 1.4599487510743172e-08,
    "6-9": 1.2977322231771705e-09,
    "6-10": 1.0381857785417366e-10,
    "7-0": 0.0009022205264054843,
    "7-1": 0.0007217764211243875,
    "7-2": 0.000288710568449755,
    "7-3": 7.698948491993468e-05,
    "7-4": 1.5397896983986936e-05,
    "7-5": 2.4636635174379096e-06,
    "7-6": 3.284884689917213e-07,
    "7-7": 3.7541539313339584e-08,
    "7-8": 3.754153931333959e-09,
    "7-9": 3.337025716741296e-10,
    "7-10": 2.6696205733930373e-11,
    "8-0": 0.00020299961844123397,
    "8-1": 0.00016239969475298718,
    "8-2": 6.495987790119488e-05,
    "8-3": 1.7322634106985305e-05,
    "8-4": 3.4645268213970605e-06,
    "8-5": 5.543242914235297e-07,
    "8-6": 7.39099055231373e-08,
    "8-7": 8.446846345501407e-09,
    "8-8": 8.446846345501408e-10,
    "8-9": 7.508307862667916e-11,
    "8-10": 6.006646290134334e-12,
    "9-0": 4.0599923688246796e-05,
    "9-1": 3.2479938950597434e-05,
    "9-2": 1.2991975580238975e-05,
    "9-3": 3.464526821397061e-06,
    "9-4": 6.92905364279412e-07,
    "9-5": 1.1086485828470593e-07,
    "9-6": 1.4781981104627462e-08,
    "9-7": 1.6893692691002812e-09,
    "9-8": 1.6893692691002816e-10,
    "9-9": 1.5016615725335833e-11,
    "9-10": 1.2013292580268668e-12,
    "10-0": 7.307986263884423e-06,
    "10-1": 5.846389011107538e-06,
    "10-2": 2.338555604443016e-06,
    "10-3": 6.23614827851471e-07,
    "10-4": 1.2472296557029418e-07,
    "10-5": 1.995567449124707e-08,
    "10-6": 2.660756598832943e-09,
    "10-7": 3.0408646843805064e-10,
    "10-8": 3.040864684380507e-11,
    "10-9": 2.70299083056045e-12,
    "10-10": 2.1623926644483605e-13
  },
  "summary": {
    "p_home": 0.6038509761881709,
    "p_draw": 0.24145351079282149,
    "p_away": 0.1546955130190083,
    "p_over": 0.4815688039668096,
    "p_under": 0.5184311960331904,
    "p_btts": 0.46713224120671126,
    "eg_home": 1.7999707243994678,
    "eg_away": 0.7999999893636837,
    "eg_total": 2.5999707137631516
  },
  "advance": {
    "home": 0.7526554436151329,
    "away": 0.24734455638486708
  }
}