{
  "match": "QF-100 Argentina vs Switzerland",
  "lambda_home": 1.68,
  "lambda_away": 0.84,
  "dc_rho": -0.13,
  "grid": {
    "0-0": 0.09522055977404795,
    "0-1": 0.052825358269587154,
    "0-2": 0.02838619559010568,
    "0-3": 0.00794813476522959,
    "0-4": 0.001669108300698214,
    "0-5": 0.0002804101945173,
    "0-6": 3.9257427232421994e-05,
    "0-7": 4.71089126789064e-06,
    "0-8": 4.94643583128517e-07,
    "0-9": 4.616673442532826e-08,
    "0-10": 3.878005691727574e-09,
    "1-0": 0.12041153824602928,
    "1-1": 0.12830560406727767,
    "1-2": 0.04768880859137754,
    "1-3": 0.013352866405585712,
    "1-4": 0.0028041019451729996,
    "1-5": 0.00047108912678906395,
    "1-6": 6.595247775046895e-05,
    "1-7": 7.914297330056273e-06,
    "1-8": 8.310012196559087e-07,
    "1-9": 7.756011383455147e-08,
    "1-10": 6.515049562102323e-09,
    "2-0": 0.11354478236042273,
    "2-1": 0.0953776171827551,
    "2-2": 0.04005859921675713,
    "2-3": 0.011216407780691997,
    "2-4": 0.0023554456339453197,
    "2-5": 0.0003957148665028137,
    "2-6": 5.5400081310393915e-05,
    "2-7": 6.6480097572472695e-06,
    "2-8": 6.980410245109633e-07,
    "2-9": 6.515049562102323e-08,
    "2-10": 5.472641632165951e-09,
    "3-0": 0.06358507812183672,
    "3-1": 0.05341146562234285,
    "3-2": 0.02243281556138399,
    "3-3": 0.006281188357187518,
    "3-4": 0.0013190495550093788,
    "3-5": 0.00022160032524157566,
    "3-6": 3.102404553382059e-05,
    "3-7": 3.7228854640584704e-06,
    "3-8": 3.909029737261394e-07,
    "3-9": 3.6484277547773e-08,
    "3-10": 3.064679314012932e-09,
    "4-0": 0.026705732811171428,
    "4-1": 0.022432815561383997,
    "4-2": 0.009421782535781277,
    "4-3": 0.0026380991100187576,
    "4-4": 0.0005540008131039391,
    "4-5": 9.307213660146177e-05,
    "4-6": 1.3030099124204649e-05,
    "4-7": 1.5636118949045578e-06,
    "4-8": 1.6417924896497856e-07,
    "4-9": 1.5323396570064663e-08,
    "4-10": 1.2871653118854317e-09,
    "5-0": 0.0089731262245536,
    "5-1": 0.007537426028625024,
    "5-2": 0.003165718932022509,
    "5-3": 0.0008864013009663026,
    "5-4": 0.00018614427320292357,
    "5-5": 3.127223789809116e-05,
    "5-6": 4.378113305732762e-06,
    "5-7": 5.253735966879315e-07,
    "5-8": 5.51642276522328e-08,
    "5-9": 5.1486612475417274e-09,
    "5-10": 4.3248754479350506e-10,
    "6-0": 0.0025124753428750076,
    "6-1": 0.0021104792880150065,
    "6-2": 0.0008864013009663025,
    "6-3": 0.00024819236427056467,
    "6-4": 5.212039649681859e-05,
    "6-5": 8.756226611465523e-06,
    "6-6": 1.2258717256051733e-06,
    "6-7": 1.471046070726208e-07,
    "6-8": 1.544598374262518e-08,
    "6-9": 1.4416251493116834e-09,
    "6-10": 1.2109651254218138e-10,
    "7-0": 0.0006029940822900019,
    "7-1": 0.0005065150291236016,
    "7-2": 0.0002127363122319126,
    "7-3": 5.956616742493553e-05,
    "7-4": 1.2508895159236462e-05,
    "7-5": 2.101494386751726e-06,
    "7-6": 2.9420921414524163e-07,
    "7-7": 3.5305105697428983e-08,
    "7-8": 3.7070360982300436e-09,
    "7-9": 3.45990035834804e-10,
    "7-10": 2.9063163010123535e-11,
    "8-0": 0.00012662875728090036,
    "8-1": 0.00010636815611595633,
    "8-2": 4.467462556870165e-05,
    "8-3": 1.250889515923646e-05,
    "8-4": 2.626867983439657e-06,
    "8-5": 4.413138212178624e-07,
    "8-6": 6.178393497050074e-08,
    "8-7": 7.414072196460087e-09,
    "8-8": 7.784775806283091e-10,
    "8-9": 7.265790752530885e-11,
    "8-10": 6.103264232125943e-12,
    "9-0": 2.363736802576807e-05,
    "9-1": 1.985538914164518e-05,
    "9-2": 8.339263439490972e-06,
    "9-3": 2.334993763057472e-06,
    "9-4": 4.903486902420692e-07,
    "9-5": 8.237857996066764e-08,
    "9-6": 1.1533001194493469e-08,
    "9-7": 1.383960143339216e-09,
    "9-8": 1.4531581505061768e-10,
    "9-9": 1.3562809404724317e-11,
    "9-10": 1.1392759899968425e-12,
    "10-0": 3.9710778283290355e-06,
    "10-1": 3.33570537579639e-06,
    "10-2": 1.4009962578344834e-06,
    "10-3": 3.9227895219365537e-07,
    "10-4": 8.237857996066763e-08,
    "10-5": 1.3839601433392162e-08,
    "10-6": 1.9375442006749025e-09,
    "10-7": 2.325053040809883e-10,
    "10-8": 2.441305692850377e-11,
    "10-9": 2.278551979993685e-12,
    "10-10": 1.9139836631946953e-13
  },
  "summary": {
    "p_home": 0.5582829540727531,
    "p_draw": 0.27045248643533537,
    "p_away": 0.17126455949191183,
    "p_over": 0.4613059616925295,
    "p_under": 0.5386940383074705,
    "p_btts": 0.4771357557066767,
    "eg_home": 1.679984546564472,
    "eg_away": 0.8399999825215965,
    "eg_total": 2.5199845290860683
  },
  "advance": {
    "home": 0.727007087125344,
    "away": 0.272992912874656
  }
}