{
  "match": "R32-076 Netherlands vs Morocco",
  "lambda_home": 1.46,
  "lambda_away": 1.06,
  "dc_rho": -0.15,
  "grid": {
    "0-0": 0.0991375437834881,
    "0-1": 0.0666093195550818,
    "0-2": 0.045202227098839115,
    "0-3": 0.015971453574923154,
    "0-4": 0.004232435197354637,
    "0-5": 0.000897276261839183,
    "0-6": 0.00015851880625825565,
    "0-7": 2.4004276376250142e-05,
    "0-8": 3.1805666198531445e-06,
    "0-9": 3.7460006856048145e-07,
    "0-10": 3.970760726741104e-08,
    "1-0": 0.09879317651402737,
    "1-1": 0.14319724396028466,
    "1-2": 0.06599525156430511,
    "1-3": 0.023318322219387802,
    "1-4": 0.0061793553881377685,
    "1-5": 0.001310023342285207,
    "1-6": 0.00023143745713705323,
    "1-7": 3.504624350932521e-05,
    "1-8": 4.643627264985591e-06,
    "1-9": 5.469161000983029e-07,
    "1-10": 5.797310661042011e-08,
    "2-0": 0.08575388686711057,
    "2-1": 0.09089912007913721,
    "2-2": 0.04817653364194273,
    "2-3": 0.017022375220153093,
    "2-4": 0.00451092943334057,
    "2-5": 0.0009563170398682009,
    "2-6": 0.00016894934371004884,
    "2-7": 2.5583757761807402e-05,
    "2-8": 3.3898479034394813e-06,
    "2-9": 3.992487530717611e-07,
    "2-10": 4.232036782560667e-08,
    "3-0": 0.04173355827532714,
    "3-1": 0.04423757177184678,
    "3-2": 0.02344591303907879,
    "3-3": 0.008284222607141173,
    "3-4": 0.002195318990892411,
    "3-5": 0.0004654076260691911,
    "3-6": 8.222201393889042e-05,
    "3-7": 1.2450762110746267e-05,
    "3-8": 1.6497259796738805e-06,
    "3-9": 1.9430105982825705e-07,
    "3-10": 2.0595912341795247e-08,
    "4-0": 0.015232748770494407,
    "4-1": 0.016146713696724074,
    "4-2": 0.00855775825926376,
    "4-3": 0.003023741251606528,
    "4-4": 0.0008012914316757301,
    "4-5": 0.00016987378351525476,
    "4-6": 3.0011035087695012e-05,
    "4-7": 4.544528170422388e-06,
    "4-8": 6.021499825809665e-07,
    "4-9": 7.091988683731384e-08,
    "4-10": 7.517508004755266e-09,
    "5-0": 0.004447962640984368,
    "5-1": 0.00471484039944343,
    "5-2": 0.002498865411705018,
    "5-3": 0.0008829324454691063,
    "5-4": 0.00023397709804931323,
    "5-5": 4.9603144786454404e-05,
    "5-6": 8.763222245606945e-06,
    "5-7": 1.3270022257633375e-06,
    "5-8": 1.7582779491364224e-07,
    "5-9": 2.070860695649564e-08,
    "5-10": 2.195112337388538e-09,
    "6-0": 0.0010823375759728626,
    "6-1": 0.0011472778305312344,
    "6-2": 0.0006080572501815544,
    "6-3": 0.00021484689506414916,
    "6-4": 5.693442719199954e-05,
    "6-5": 1.2070098564703902e-05,
    "6-6": 2.132384079764356e-06,
    "6-7": 3.229038749357454e-07,
    "6-8": 4.278476342898627e-08,
    "6-9": 5.039094359413938e-09,
    "6-10": 5.341440020978775e-10,
    "7-0": 0.00022574469441719708,
    "7-1": 0.00023928937608222892,
    "7-2": 0.00012682336932358132,
    "7-3": 4.48109238276654e-05,
    "7-4": 1.1874894814331333e-05,
    "7-5": 2.5174777006382427e-06,
    "7-6": 4.4475439377942284e-07,
    "7-7": 6.734852248659833e-08,
    "7-8": 8.923679229474281e-09,
    "7-9": 1.0510111092491928e-09,
    "7-10": 1.1140717758041446e-10,
    "8-0": 4.119840673113846e-05,
    "8-1": 4.367031113500677e-05,
    "8-2": 2.314526490155359e-05,
    "8-3": 8.177993598548933e-06,
    "8-4": 2.167168303615468e-06,
    "8-5": 4.5943968036647923e-07,
    "8-6": 8.116767686474466e-08,
    "8-7": 1.2291105353804194e-08,
    "8-8": 1.628571459379056e-09,
    "8-9": 1.9180952743797768e-10,
    "8-10": 2.0331809908425636e-11,
    "9-0": 6.6832970919402385e-06,
    "9-1": 7.0842949174566534e-06,
    "9-2": 3.7546763062520262e-06,
    "9-3": 1.326652294875716e-06,
    "9-4": 3.515628581420648e-07,
    "9-5": 7.453132592611772e-08,
    "9-6": 1.3167200913614131e-08,
    "9-7": 1.9938904240615687e-09,
    "9-8": 2.6419048118815795e-10,
    "9-9": 3.111576778438305e-11,
    "9-10": 3.298271385144603e-12,
    "10-0": 9.75761375423275e-07,
    "10-1": 1.0343070579486717e-06,
    "10-2": 5.481827407127959e-07,
    "10-3": 1.9369123505185455e-07,
    "10-4": 5.132817728874147e-08,
    "10-5": 1.0881573585213191e-08,
    "10-6": 1.9224113333876637e-09,
    "10-7": 2.9110800191298914e-10,
    "10-8": 3.857181025347106e-11,
    "10-9": 4.542902096519925e-12,
    "10-10": 4.815476222311121e-13
  },
  "summary": {
    "p_home": 0.44451681498033674,
    "p_draw": 0.2996486399620899,
    "p_away": 0.2558345450575734,
    "p_over": 0.46130660222116837,
    "p_under": 0.5386933977788316,
    "p_btts": 0.5204453537680114,
    "eg_home": 1.4599958880424584,
    "eg_away": 1.0599998187619657,
    "eg_total": 2.519995706804424
  },
  "advance": {
    "home": 0.6084892954315266,
    "away": 0.39151070456847337
  }
}