{
  "match": "FINAL-104 Spain vs Argentina",
  "lambda_home": 1.3,
  "lambda_away": 1.0,
  "dc_rho": -0.14,
  "grid": {
    "0-0": 0.11850597071534755,
    "0-1": 0.08201174623109501,
    "0-2": 0.050129429236610644,
    "0-3": 0.01670980974553688,
    "0-4": 0.00417745243638422,
    "0-5": 0.0008354904872768441,
    "0-6": 0.00013924841454614065,
    "0-7": 1.9892630649448667e-05,
    "0-8": 2.4865788311810834e-06,
    "0-9": 2.7628653679789813e-07,
    "0-10": 2.7628653679789816e-08,
    "1-0": 0.1120894037730614,
    "1-1": 0.14858362825731394,
    "1-2": 0.06516825800759384,
    "1-3": 0.02172275266919795,
    "1-4": 0.005430688167299487,
    "1-5": 0.0010861376334598974,
    "1-6": 0.00018102293890998289,
    "1-7": 2.5860419844283267e-05,
    "1-8": 3.2325524805354084e-06,
    "1-9": 3.5917249783726757e-07,
    "1-10": 3.5917249783726763e-08,
    "2-0": 0.08471873540987199,
    "2-1": 0.08471873540987199,
    "2-2": 0.04235936770493599,
    "2-3": 0.014119789234978666,
    "2-4": 0.0035299473087446664,
    "2-5": 0.0007059894617489333,
    "2-6": 0.00011766491029148886,
    "2-7": 1.6809272898784125e-05,
    "2-8": 2.1011591123480156e-06,
    "2-9": 2.3346212359422395e-07,
    "2-10": 2.3346212359422398e-08,
    "3-0": 0.03671145201094453,
    "3-1": 0.03671145201094453,
    "3-2": 0.018355726005472264,
    "3-3": 0.006118575335157421,
    "3-4": 0.0015296438337893553,
    "3-5": 0.0003059287667578711,
    "3-6": 5.098812779297851e-05,
    "3-7": 7.284018256139787e-06,
    "3-8": 9.105022820174734e-07,
    "3-9": 1.0116692022416372e-07,
    "3-10": 1.0116692022416373e-08,
    "4-0": 0.011931221903556973,
    "4-1": 0.011931221903556973,
    "4-2": 0.005965610951778486,
    "4-3": 0.0019885369839261623,
    "4-4": 0.0004971342459815406,
    "4-5": 9.942684919630813e-05,
    "4-6": 1.657114153271802e-05,
    "4-7": 2.367305933245431e-06,
    "4-8": 2.959132416556789e-07,
    "4-9": 3.2879249072853214e-08,
    "4-10": 3.2879249072853216e-09,
    "5-0": 0.003102117694924813,
    "5-1": 0.003102117694924813,
    "5-2": 0.0015510588474624066,
    "5-3": 0.0005170196158208022,
    "5-4": 0.00012925490395520055,
    "5-5": 2.585098079104011e-05,
    "5-6": 4.308496798506685e-06,
    "5-7": 6.154995426438121e-07,
    "5-8": 7.693744283047651e-08,
    "5-9": 8.548604758941836e-09,
    "5-10": 8.548604758941835e-10,
    "6-0": 0.0006721255005670428,
    "6-1": 0.0006721255005670428,
    "6-2": 0.0003360627502835214,
    "6-3": 0.00011202091676117381,
    "6-4": 2.8005229190293453e-05,
    "6-5": 5.60104583805869e-06,
    "6-6": 9.335076396764484e-07,
    "6-7": 1.333582342394926e-07,
    "6-8": 1.6669779279936576e-08,
    "6-9": 1.8521976977707308e-09,
    "6-10": 1.852197697770731e-10,
    "7-0": 0.0001248233072481651,
    "7-1": 0.0001248233072481651,
    "7-2": 6.241165362408255e-05,
    "7-3": 2.0803884541360856e-05,
    "7-4": 5.200971135340214e-06,
    "7-5": 1.0401942270680427e-06,
    "7-6": 1.7336570451134043e-07,
    "7-7": 2.4766529215905775e-08,
    "7-8": 3.095816151988222e-09,
    "7-9": 3.4397957244313577e-10,
    "7-10": 3.439795724431358e-11,
    "8-0": 2.028378742782683e-05,
    "8-1": 2.028378742782683e-05,
    "8-2": 1.0141893713913415e-05,
    "8-3": 3.3806312379711385e-06,
    "8-4": 8.451578094927846e-07,
    "8-5": 1.690315618985569e-07,
    "8-6": 2.8171926983092818e-08,
    "8-7": 4.024560997584688e-09,
    "8-8": 5.03070124698086e-10,
    "8-9": 5.589668052200956e-11,
    "8-10": 5.589668052200957e-12,
    "9-0": 2.9298804062416534e-06,
    "9-1": 2.9298804062416534e-06,
    "9-2": 1.4649402031208267e-06,
    "9-3": 4.883134010402756e-07,
    "9-4": 1.220783502600689e-07,
    "9-5": 2.4415670052013778e-08,
    "9-6": 4.069278342002297e-09,
    "9-7": 5.813254774288994e-10,
    "9-8": 7.266568467861243e-11,
    "9-9": 8.07396496429027e-12,
    "9-10": 8.073964964290271e-13,
    "10-0": 3.8088445281141496e-07,
    "10-1": 3.8088445281141496e-07,
    "10-2": 1.9044222640570748e-07,
    "10-3": 6.348074213523583e-08,
    "10-4": 1.5870185533808957e-08,
    "10-5": 3.1740371067617915e-09,
    "10-6": 5.290061844602985e-10,
    "10-7": 7.557231206575694e-11,
    "10-8": 9.446539008219617e-12,
    "10-9": 1.0496154453577353e-12,
    "10-10": 1.0496154453577353e-13
  },
  "summary": {
    "p_home": 0.415753018815554,
    "p_draw": 0.31609148602494547,
    "p_away": 0.2681554951595013,
    "p_over": 0.40396108637670025,
    "p_under": 0.5960389136232997,
    "p_btts": 0.4780946954560707,
    "eg_home": 1.2999986540433406,
    "eg_away": 0.9999998986222889,
    "eg_total": 2.2999985526656292
  },
  "advance": {
    "home": 0.5768370872617155,
    "away": 0.42316291273828455
  }
}