{
  "match": "R16-090 巴拉圭vs法国 主锚Poly+共识",
  "lambda_home": 0.48,
  "lambda_away": 2.48,
  "dc_rho": 0.02,
  "grid": {
    "0-0": 0.0505881181609285,
    "0-1": 0.12975207229344032,
    "0-2": 0.15936268784059623,
    "0-3": 0.13173982194822623,
    "0-4": 0.08167868960790027,
    "0-5": 0.04051263004551853,
    "0-6": 0.01674522041881433,
    "0-7": 0.005932592376951361,
    "0-8": 0.001839103636854922,
    "0-9": 0.0005067752243778006,
    "0-10": 0.00012568025564569458,
    "1-0": 0.026108284675986967,
    "1-1": 0.06045500674211006,
    "1-2": 0.0764940901634862,
    "1-3": 0.0632351145351486,
    "1-4": 0.03920577101179212,
    "1-5": 0.01944606242184889,
    "1-6": 0.008037705801030878,
    "1-7": 0.0028476443409366533,
    "1-8": 0.0008827697456903625,
    "1-9": 0.0002432521077013443,
    "1-10": 6.032652270993339e-05,
    "2-0": 0.005969882166765312,
    "2-1": 0.014805307773577974,
    "2-2": 0.01835858163923669,
    "2-3": 0.015176427488435663,
    "2-4": 0.00940938504283011,
    "2-5": 0.004667054981243734,
    "2-6": 0.0019290493922474107,
    "2-7": 0.0006834346418247969,
    "2-8": 0.000211864738965687,
    "2-9": 5.8380505848322634e-05,
    "2-10": 1.4478365450384014e-05,
    "3-0": 0.0009551811466824496,
    "3-1": 0.0023688492437724754,
    "3-2": 0.002937373062277869,
    "3-3": 0.0024282283981497056,
    "3-4": 0.0015055016068528171,
    "3-5": 0.0007467287969989973,
    "3-6": 0.0003086479027595856,
    "3-7": 0.00010934954269196745,
    "3-8": 3.3898358234509913e-05,
    "3-9": 9.34088093573162e-06,
    "3-10": 2.3165384720614416e-06,
    "4-0": 0.00011462173760189396,
    "4-1": 0.00028426190925269707,
    "4-2": 0.00035248476747334434,
    "4-3": 0.00029138740777796465,
    "4-4": 0.0001806601928223381,
    "4-5": 8.960745563987968e-05,
    "4-6": 3.703774833115027e-05,
    "4-7": 1.3121945123036095e-05,
    "4-8": 4.067802988141189e-06,
    "4-9": 1.1209057122877946e-06,
    "4-10": 2.77984616647373e-07,
    "5-0": 1.100368680978182e-05,
    "5-1": 2.7289143288258912e-05,
    "5-2": 3.383853767744105e-05,
    "5-3": 2.7973191146684606e-05,
    "5-4": 1.7343378510944454e-05,
    "5-5": 8.602315741428449e-06,
    "5-6": 3.5556238397904262e-06,
    "5-7": 1.259706731811465e-06,
    "5-8": 3.9050908686155415e-07,
    "5-9": 1.0760694837962824e-07,
    "5-10": 2.668652319814781e-08,
    "6-0": 8.802949447825457e-07,
    "6-1": 2.1831314630607134e-06,
    "6-2": 2.707083014195284e-06,
    "6-3": 2.2378552917347684e-06,
    "6-4": 1.3874702808755564e-06,
    "6-5": 6.881852593142759e-07,
    "6-6": 2.844499071832341e-07,
    "6-7": 1.0077653854491721e-07,
    "6-8": 3.124072694892434e-08,
    "6-9": 8.608555870370262e-09,
    "6-10": 2.1349218558518252e-09,
    "7-0": 6.036308192794599e-08,
    "7-1": 1.4970044318130607e-07,
    "7-2": 1.856285495448195e-07,
    "7-3": 1.5345293429038414e-07,
    "7-4": 9.514081926003815e-08,
    "7-5": 4.718984635297892e-08,
    "7-6": 1.9505136492564623e-08,
    "7-7": 6.910391214508609e-09,
    "7-8": 2.142221276497669e-09,
    "7-9": 5.903009739682465e-10,
    "7-10": 1.4639464154412513e-10,
    "8-0": 3.621784915676759e-09,
    "8-1": 8.982026590878363e-09,
    "8-2": 1.113771297268917e-08,
    "8-3": 9.207176057423046e-09,
    "8-4": 5.708449155602289e-09,
    "8-5": 2.8313907811787347e-09,
    "8-6": 1.1703081895538774e-09,
    "8-7": 4.146234728705165e-10,
    "8-8": 1.2853327658986012e-10,
    "8-9": 3.5418058438094785e-11,
    "8-10": 8.783678492647507e-12,
    "9-0": 1.9316186216942715e-10,
    "9-1": 4.790414181801793e-10,
    "9-2": 5.940113585434224e-10,
    "9-3": 4.910493897292292e-10,
    "9-4": 3.044506216321221e-10,
    "9-5": 1.5100750832953254e-10,
    "9-6": 6.24164367762068e-11,
    "9-7": 2.2113251886427548e-11,
    "9-8": 6.855108084792539e-12,
    "9-9": 1.8889631166983886e-12,
    "9-10": 4.684628529412004e-13,
    "10-0": 9.271769384132502e-12,
    "10-1": 2.2993988072648605e-11,
    "10-2": 2.8512545210084268e-11,
    "10-3": 2.3570370707002998e-11,
    "10-4": 1.4613629838341857e-11,
    "10-5": 7.248360399817561e-12,
    "10-6": 2.9959889652579254e-12,
    "10-7": 1.061436090548522e-12,
    "10-8": 3.2904518807004184e-13,
    "10-9": 9.067022960152263e-14,
    "10-10": 2.2486216941177615e-14
  },
  "summary": {
    "p_home": 0.05431592231793395,
    "p_draw": 0.1320194889397318,
    "p_away": 0.8136645887423339,
    "p_over": 0.5677639481201721,
    "p_under": 0.43223605187982794,
    "p_btts": 0.34805669029465397,
    "eg_home": 0.4799999999468592,
    "eg_away": 2.4794962905628566,
    "eg_total": 2.959496290509716
  },
  "advance": {
    "home": 0.08467790840215113,
    "away": 0.9153220915978488
  }
}