{
  "match": "QF-98 Spain vs Belgium (odds-open recheck)",
  "lambda_home": 1.88,
  "lambda_away": 0.92,
  "dc_rho": -0.1,
  "grid": {
    "0-0": 0.0713281057739392,
    "0-1": 0.045427762359640175,
    "0-2": 0.025734939267776452,
    "0-3": 0.007892048042118112,
    "0-4": 0.001815171049687166,
    "0-5": 0.0003339914731424386,
    "0-6": 5.121202588184058e-05,
    "0-7": 6.730723401613334e-06,
    "0-8": 7.740331911855334e-07,
    "0-9": 7.912339287674344e-08,
    "0-10": 7.2793521446603944e-09,
    "1-0": 0.10380569642642987,
    "1-1": 0.11569533566469936,
    "1-2": 0.048381685823419736,
    "1-3": 0.01483705031918205,
    "1-4": 0.003412521573411872,
    "1-5": 0.0006279039695077845,
    "1-6": 9.627860865786028e-05,
    "1-7": 1.265375999503307e-05,
    "1-8": 1.4551823994288029e-06,
    "1-9": 1.4875197860827766e-07,
    "1-10": 1.3685182031961542e-08,
    "2-0": 0.107464046961282,
    "2-1": 0.09886692320437944,
    "2-2": 0.04547878467401455,
    "2-3": 0.013946827300031125,
    "2-4": 0.00320777027900716,
    "2-5": 0.0005902297313373174,
    "2-6": 9.050189213838866e-05,
    "2-7": 1.1894534395331084e-05,
    "2-8": 1.3678714554630746e-06,
    "2-9": 1.3982685989178097e-07,
    "2-10": 1.2864071110043848e-08,
    "3-0": 0.06734413609573671,
    "3-1": 0.06195660520807777,
    "3-2": 0.028500038395715774,
    "3-3": 0.00874001177468617,
    "3-4": 0.0020102027081778198,
    "3-5": 0.0003698772983047188,
    "3-6": 5.671451907339022e-05,
    "3-7": 7.453908221074145e-06,
    "3-8": 8.571994454235266e-07,
    "3-9": 8.762483219884939e-08,
    "3-10": 8.061484562294144e-09,
    "4-0": 0.03165174396499626,
    "4-1": 0.02911960444779655,
    "4-2": 0.013395018045986416,
    "4-3": 0.0041078055341025,
    "4-4": 0.0009447952728435753,
    "4-5": 0.00017384233020321783,
    "4-6": 2.6655823964493404e-05,
    "4-7": 3.503336863904848e-06,
    "4-8": 4.028837393490575e-07,
    "4-9": 4.1183671133459224e-08,
    "4-10": 3.7888977442782475e-09,
    "5-0": 0.01190105573083859,
    "5-1": 0.010948971272371502,
    "5-2": 0.005036526785290891,
    "5-3": 0.0015445348808225399,
    "5-4": 0.00035524302258918425,
    "5-5": 6.53647161564099e-05,
    "5-6": 1.0022589810649519e-05,
    "5-7": 1.3172546608282226e-06,
    "5-8": 1.514842859952456e-07,
    "5-9": 1.5485060346180663e-08,
    "5-10": 1.424625551848621e-09,
    "6-0": 0.0037289974623294247,
    "6-1": 0.0034306776653430706,
    "6-2": 0.0015781117260578127,
    "6-3": 0.00048395426265772915,
    "6-4": 0.00011130948041127774,
    "6-5": 2.0480944395675107e-05,
    "6-6": 3.140411474003516e-06,
    "6-7": 4.1273979372617645e-07,
    "6-8": 4.746507627851029e-08,
    "6-9": 4.851985575136608e-09,
    "6-10": 4.463826729125679e-10,
    "7-0": 0.0010015021755970456,
    "7-1": 0.0009213820015492819,
    "7-2": 0.0004238357207126697,
    "7-3": 0.0001299762876852187,
    "7-4": 2.9894546167600304e-05,
    "7-5": 5.500596494838456e-06,
    "7-6": 8.4342479587523e-07,
    "7-7": 1.1085011602931596e-07,
    "7-8": 1.2747763343371334e-08,
    "7-9": 1.3031046973224032e-09,
    "7-10": 1.198856321536611e-10,
    "8-0": 0.00023535301126530566,
    "8-1": 0.0002165247703640812,
    "8-2": 9.960139436747737e-05,
    "8-3": 3.0544427606026384e-05,
    "8-4": 7.0252183493860705e-06,
    "8-5": 1.292640176287037e-06,
    "8-6": 1.98204827030679e-07,
    "8-7": 2.6049777266889246e-08,
    "8-8": 2.995724385692263e-09,
    "8-9": 3.0622960387076475e-10,
    "8-10": 2.817312355611035e-11,
    "9-0": 4.916262901986386e-05,
    "9-1": 4.522961869827475e-05,
    "9-2": 2.0805624601206386e-05,
    "9-3": 6.380391544369958e-06,
    "9-4": 1.4674900552050906e-06,
    "9-5": 2.700181701577367e-07,
    "9-6": 4.1402786090852954e-08,
    "9-7": 5.441509029083532e-09,
    "9-8": 6.257735383446062e-10,
    "9-9": 6.396796169744865e-11,
    "9-10": 5.885052476165274e-12,
    "10-0": 9.242574255734404e-06,
    "10-1": 8.50316831527565e-06,
    "10-2": 3.9114574250268e-06,
    "10-3": 1.1995136103415518e-06,
    "10-4": 2.7588813037855693e-07,
    "10-5": 5.076341598965448e-08,
    "10-6": 7.783723785080353e-09,
    "10-7": 1.0230036974677038e-09,
    "10-8": 1.1764542520878594e-10,
    "10-9": 1.2025976799120342e-11,
    "10-10": 1.1063898655190713e-12
  },
  "summary": {
    "p_home": 0.5886015375310555,
    "p_draw": 0.24225565219872802,
    "p_away": 0.1691428102702163,
    "p_over": 0.5305441135462327,
    "p_under": 0.46945588645376735,
    "p_btts": 0.5202182418167256,
    "eg_home": 1.8799563984710033,
    "eg_away": 0.9199999561113572,
    "eg_total": 2.7999563545823607
  },
  "advance": {
    "home": 0.736215857298258,
    "away": 0.263784142701742
  }
}