{
  "match": "QF-99 Norway vs England",
  "lambda_home": 1.06,
  "lambda_away": 1.62,
  "dc_rho": -0.07,
  "grid": {
    "0-0": 0.07680480954662705,
    "0-1": 0.10283086485925161,
    "0-2": 0.08996867631885268,
    "0-3": 0.048583085212180445,
    "0-4": 0.019676149510933084,
    "0-5": 0.006375072441542318,
    "0-6": 0.001721269559216426,
    "0-7": 0.0003983509551329445,
    "0-8": 8.066606841442125e-05,
    "0-9": 1.4519892314595825e-05,
    "0-10": 2.3522225549645236e-06,
    "1-0": 0.0644354535358577,
    "1-1": 0.12597836133437373,
    "1-2": 0.09536679689798384,
    "1-3": 0.05149807032491128,
    "1-4": 0.02085671848158907,
    "1-5": 0.006757576788034858,
    "1-6": 0.0018245457327694119,
    "1-7": 0.00042225201244092115,
    "1-8": 8.550603251928654e-05,
    "1-9": 1.5391085853471578e-05,
    "1-10": 2.4933559082623954e-06,
    "2-0": 0.03851882514550482,
    "2-1": 0.06240049673571783,
    "2-2": 0.05054440235593144,
    "2-3": 0.02729397727220298,
    "2-4": 0.011054060795242208,
    "2-5": 0.003581515697658475,
    "2-6": 0.0009670092383677883,
    "2-7": 0.00022379356659368822,
    "2-8": 4.5318197235221864e-05,
    "2-9": 8.157275502339936e-06,
    "2-10": 1.3214786313790695e-06,
    "3-0": 0.013609984884745038,
    "3-1": 0.022048175513286965,
    "3-2": 0.01785902216576244,
    "3-3": 0.00964387196951172,
    "3-4": 0.0039057681476522463,
    "3-5": 0.0012654688798393278,
    "3-6": 0.0003416765975566185,
    "3-7": 7.907372686310316e-05,
    "3-8": 1.6012429689778393e-05,
    "3-9": 2.8822373441601105e-06,
    "3-10": 4.6692244975393793e-07,
    "4-0": 0.0036066459944574356,
    "4-1": 0.005842766511021047,
    "4-2": 0.004732640873927048,
    "4-3": 0.002555626071920606,
    "4-4": 0.0010350285591278455,
    "4-5": 0.0003353492531574219,
    "4-6": 9.054429835250392e-05,
    "4-7": 2.0954537618722344e-05,
    "4-8": 4.243293867791275e-06,
    "4-9": 7.637928962024294e-07,
    "4-10": 1.2373444918479358e-07,
    "5-0": 0.0007646089508249763,
    "5-1": 0.0012386665003364617,
    "5-2": 0.0010033198652725339,
    "5-3": 0.0005417927272471684,
    "5-4": 0.0002194260545351032,
    "5-5": 7.109404166937344e-05,
    "5-6": 1.919539125073083e-05,
    "5-7": 4.442361975169137e-06,
    "5-8": 8.995782999717501e-07,
    "5-9": 1.6192409399491503e-07,
    "5-10": 2.6231703227176236e-08,
    "6-0": 0.00013508091464574582,
    "6-1": 0.00021883108172610825,
    "6-2": 0.0001772531761981477,
    "6-3": 9.571671514699975e-05,
    "6-4": 3.87652696345349e-05,
    "6-5": 1.2559947361589307e-05,
    "6-6": 3.3911857876291134e-06,
    "6-7": 7.848172822798808e-07,
    "6-8": 1.5892549966167587e-07,
    "6-9": 2.8606589939101654e-08,
    "6-10": 4.634267570134468e-09,
    "7-0": 2.0455109932070083e-05,
    "7-1": 3.313727808995354e-05,
    "7-2": 2.6841195252862367e-05,
    "7-3": 1.449424543654568e-05,
    "7-4": 5.8701694018010005e-06,
    "7-5": 1.9019348861835242e-06,
    "7-6": 5.135224192695516e-07,
    "7-7": 1.1884375988809625e-07,
    "7-8": 2.406586137733949e-08,
    "7-9": 4.331855047921109e-09,
    "7-10": 7.017605177632196e-10,
    "8-0": 2.7103020659992866e-06,
    "8-1": 4.3906893469188455e-06,
    "8-2": 3.5564583710042644e-06,
    "8-3": 1.920487520342303e-06,
    "8-4": 7.777974457386328e-07,
    "8-5": 2.52006372419317e-07,
    "8-6": 6.80417205532156e-08,
    "8-7": 1.5746798185172755e-08,
    "8-8": 3.188726632497483e-09,
    "8-9": 5.739707938495469e-10,
    "8-10": 9.298326860362661e-11,
    "9-0": 3.19213354439916e-07,
    "9-1": 5.171256341926639e-07,
    "9-2": 4.188717636960578e-07,
    "9-3": 2.2619075239587121e-07,
    "9-4": 9.160725472032786e-08,
    "9-5": 2.968075052938622e-08,
    "9-6": 8.01380264293428e-09,
    "9-7": 1.8546228973647912e-09,
    "9-8": 3.755611367163702e-10,
    "9-9": 6.760100460894663e-11,
    "9-10": 1.0951362746649355e-11,
    "10-0": 3.3836615570631095e-08,
    "10-1": 5.4815317224422375e-08,
    "10-2": 4.440040695178212e-08,
    "10-3": 2.3976219753962353e-08,
    "10-4": 9.710369000354752e-09,
    "10-5": 3.14615955611494e-09,
    "10-6": 8.494630801510337e-10,
    "10-7": 1.9659002712066785e-10,
    "10-8": 3.9809480491935244e-11,
    "10-9": 7.165706488548344e-12,
    "10-10": 1.1608444511448318e-12
  },
  "summary": {
    "p_home": 0.24017434753180322,
    "p_draw": 0.26408108109427714,
    "p_away": 0.49574457137391975,
    "p_over": 0.5014630092595322,
    "p_under": 0.49853699074046776,
    "p_btts": 0.5324500655249753,
    "eg_home": 1.0599998187619655,
    "eg_away": 1.6199890011933507,
    "eg_total": 2.679988819955316
  },
  "advance": {
    "home": 0.3550801965268933,
    "away": 0.6449198034731067
  }
}