{
  "match": "R16-92 墨西哥 vs 英格兰",
  "lambda_home": 1.02,
  "lambda_away": 1.24,
  "dc_rho": -0.08,
  "grid": {
    "0-0": 0.11490909550513789,
    "0-1": 0.1188360133336292,
    "0-2": 0.08022466056930543,
    "0-3": 0.03315952636864623,
    "0-4": 0.010279453174280334,
    "0-5": 0.0025493043872215227,
    "0-6": 0.0005268562400257814,
    "0-7": 9.332881966170987e-05,
    "0-8": 1.4465967047565027e-05,
    "0-9": 1.99308879322007e-06,
    "0-10": 2.4714301035928865e-07,
    "1-0": 0.0958789044298217,
    "1-1": 0.14254110658572075,
    "1-2": 0.08182915378069153,
    "1-3": 0.03382271689601916,
    "1-4": 0.010485042237765939,
    "1-5": 0.0026002904749659527,
    "1-6": 0.000537393364826297,
    "1-7": 9.519539605494406e-05,
    "1-8": 1.4755286388516328e-05,
    "1-9": 2.032950569084471e-06,
    "1-10": 2.5208587056647444e-07,
    "2-0": 0.05428312750800297,
    "2-1": 0.06731107810992368,
    "2-2": 0.04173286842815268,
    "2-3": 0.01724958561696977,
    "2-4": 0.005347371541260629,
    "2-5": 0.0013261481422326361,
    "2-6": 0.0002740706160614115,
    "2-7": 4.8549651988021466e-05,
    "2-8": 7.525196058143327e-06,
    "2-9": 1.0368047902330804e-06,
    "2-10": 1.2856379398890197e-07,
    "3-0": 0.018456263352721013,
    "3-1": 0.022885766557374055,
    "3-2": 0.014189175265571915,
    "3-3": 0.005864859109769724,
    "3-4": 0.0018181063240286144,
    "3-5": 0.00045089036835909633,
    "3-6": 9.318400946087992e-05,
    "3-7": 1.6506881675927302e-05,
    "3-8": 2.5585666597687318e-06,
    "3-9": 3.5251362867924737e-07,
    "3-10": 4.371168995622668e-08,
    "4-0": 0.004706347154943857,
    "4-1": 0.005835870472130383,
    "4-2": 0.003618239692720838,
    "4-3": 0.0014955390729912794,
    "4-4": 0.00046361711262729664,
    "4-5": 0.00011497704393156956,
    "4-6": 2.376192241252438e-05,
    "4-7": 4.209254827361461e-06,
    "4-8": 6.524344982410265e-07,
    "4-9": 8.989097531320807e-08,
    "4-10": 1.1146480938837801e-08,
    "5-0": 0.0009600948196085468,
    "5-1": 0.001190517576314598,
    "5-2": 0.0007381208973150508,
    "5-3": 0.00030508997089022095,
    "5-4": 9.45778909759685e-05,
    "5-5": 2.3455316962040187e-05,
    "5-6": 4.847432172154973e-06,
    "5-7": 8.586879847817381e-07,
    "5-8": 1.330966376411694e-07,
    "5-9": 1.8337758963894447e-08,
    "5-10": 2.273882111522911e-09,
    "6-0": 0.000163216119333453,
    "6-1": 0.0002023879879734817,
    "6-2": 0.00012548055254355868,
    "6-3": 5.1865295051337575e-05,
    "6-4": 1.6078241465914647e-05,
    "6-5": 3.9874038835468325e-06,
    "6-6": 8.240634692663456e-07,
    "6-7": 1.4597695741289551e-07,
    "6-8": 2.26264283989988e-08,
    "6-9": 3.1174190238620566e-09,
    "6-10": 3.86559958958895e-10,
    "7-0": 2.378292024573172e-05,
    "7-1": 2.9490821104707333e-05,
    "7-2": 1.8284309084918548e-05,
    "7-3": 7.557514421766332e-06,
    "7-4": 2.3428294707475627e-06,
    "7-5": 5.810217087453957e-07,
    "7-6": 1.2007781980738175e-07,
    "7-7": 2.127092808016477e-08,
    "7-8": 3.2969938524255394e-09,
    "7-9": 4.5425248633418527e-10,
    "7-10": 5.6327308305438985e-11,
    "8-0": 3.0323223313307947e-06,
    "8-1": 3.7600796908501848e-06,
    "8-2": 2.3312494083271147e-06,
    "8-3": 9.635830887752073e-07,
    "8-4": 2.987107575203143e-07,
    "8-5": 7.408026786503793e-08,
    "8-6": 1.5309922025441175e-08,
    "8-7": 2.7120433302210084e-09,
    "8-8": 4.203667161842563e-10,
    "8-9": 5.791719200760863e-11,
    "8-10": 7.1817318089434705e-12,
    "9-0": 3.4366319755082335e-07,
    "9-1": 4.2614236496302096e-07,
    "9-2": 2.64208266277073e-07,
    "9-3": 1.0920608339452349e-07,
    "9-4": 3.3853885852302286e-08,
    "9-5": 8.395763691370966e-09,
    "9-6": 1.7351244962166666e-09,
    "9-7": 3.0736491075838097e-10,
    "9-8": 4.7641561167549045e-11,
    "9-9": 6.563948427528979e-12,
    "9-10": 8.139296050135933e-13,
    "10-0": 3.505364615018398e-08,
    "10-1": 4.346652122622814e-08,
    "10-2": 2.694924316026145e-08,
    "10-3": 1.1139020506241397e-08,
    "10-4": 3.4530963569348333e-09,
    "10-5": 8.563678965198386e-10,
    "10-6": 1.7698269861409998e-10,
    "10-7": 3.135122089735486e-11,
    "10-8": 4.859439239090003e-12,
    "10-9": 6.695227396079558e-13,
    "10-10": 8.302081971138652e-14
  },
  "summary": {
    "p_home": 0.2926056746043748,
    "p_draw": 0.3055358478197815,
    "p_away": 0.4018584775758442,
    "p_over": 0.39332709206838246,
    "p_under": 0.6066729079316175,
    "p_btts": 0.4649299080593888,
    "eg_home": 1.0199998764455216,
    "eg_away": 1.2399991501341394,
    "eg_total": 2.259999026579661
  },
  "advance": {
    "home": 0.42895701838745476,
    "away": 0.5710429816125453
  }
}