{
  "match": "R32-087 阿根廷vs佛得角 主锚共识",
  "lambda_home": 2.5,
  "lambda_away": 0.48,
  "dc_rho": 0.05,
  "grid": {
    "0-0": 0.04774820640766971,
    "0-1": 0.027429820702278347,
    "0-2": 0.0058516950831527135,
    "0-3": 0.0009362712133044339,
    "0-4": 0.00011235254559653208,
    "0-5": 1.0785844377267078e-05,
    "0-6": 8.628675501813663e-07,
    "0-7": 5.916806058386513e-08,
    "0-8": 3.5500836350319072e-09,
    "0-9": 1.893377938683684e-10,
    "0-10": 9.08821410568168e-12,
    "1-0": 0.13003766851450474,
    "1-1": 0.057907399260365394,
    "1-2": 0.014629237707881784,
    "1-3": 0.002340678033261085,
    "1-4": 0.00028088136399133016,
    "1-5": 2.6964610943167694e-05,
    "1-6": 2.157168875453416e-06,
    "1-7": 1.479201514596628e-07,
    "1-8": 8.875209087579768e-09,
    "1-9": 4.733444846709209e-10,
    "1-10": 2.27205352642042e-11,
    "2-0": 0.15873738832337006,
    "2-1": 0.07619394639521763,
    "2-2": 0.018286547134852234,
    "2-3": 0.002925847541576356,
    "2-4": 0.00035110170498916274,
    "2-5": 3.370576367895962e-05,
    "2-6": 2.69646109431677e-06,
    "2-7": 1.8490018932457852e-07,
    "2-8": 1.109401135947471e-08,
    "2-9": 5.916806058386512e-10,
    "2-10": 2.8400669080255252e-11,
    "3-0": 0.1322811569361417,
    "3-1": 0.06349495532934803,
    "3-2": 0.015238789279043525,
    "3-3": 0.002438206284646963,
    "3-4": 0.0002925847541576356,
    "3-5": 2.8088136399133016e-05,
    "3-6": 2.247050911930642e-06,
    "3-7": 1.5408349110381543e-07,
    "3-8": 9.245009466228925e-09,
    "3-9": 4.930671715322092e-10,
    "3-10": 2.3667224233546043e-11,
    "4-0": 0.08267572308508857,
    "4-1": 0.039684347080842515,
    "4-2": 0.009524243299402204,
    "4-3": 0.001523878927904352,
    "4-4": 0.00018286547134852224,
    "4-5": 1.7555085249458135e-05,
    "4-6": 1.404406819956651e-06,
    "4-7": 9.630218193988464e-08,
    "4-8": 5.778130916393078e-09,
    "4-9": 3.081669822076308e-10,
    "4-10": 1.4792015145966276e-11,
    "5-0": 0.041337861542544284,
    "5-1": 0.019842173540421257,
    "5-2": 0.004762121649701102,
    "5-3": 0.000761939463952176,
    "5-4": 9.143273567426112e-05,
    "5-5": 8.777542624729067e-06,
    "5-6": 7.022034099783255e-07,
    "5-7": 4.815109096994232e-08,
    "5-8": 2.889065458196539e-09,
    "5-9": 1.540834911038154e-10,
    "5-10": 7.396007572983138e-12,
    "6-0": 0.01722410897606012,
    "6-1": 0.008267572308508858,
    "6-2": 0.0019842173540421263,
    "6-3": 0.00031747477664674,
    "6-4": 3.8096973197608806e-05,
    "6-5": 3.657309426970445e-06,
    "6-6": 2.9258475415763567e-07,
    "6-7": 2.00629545708093e-08,
    "6-8": 1.203777274248558e-09,
    "6-9": 6.420145462658976e-11,
    "6-10": 3.081669822076308e-12,
    "7-0": 0.006151467491450043,
    "7-1": 0.0029527043958960204,
    "7-2": 0.000708649055015045,
    "7-3": 0.00011338384880240717,
    "7-4": 1.3606061856288861e-05,
    "7-5": 1.3061819382037305e-06,
    "7-6": 1.0449455505629845e-07,
    "7-7": 7.16534091814618e-09,
    "7-8": 4.299204550887707e-10,
    "7-9": 2.292909093806777e-11,
    "7-10": 1.1005963650272528e-12,
    "8-0": 0.0019223335910781383,
    "8-1": 0.0009227201237175064,
    "8-2": 0.00022145282969220155,
    "8-3": 3.5432452750752235e-05,
    "8-4": 4.251894330090269e-06,
    "8-5": 4.0818185568866574e-07,
    "8-6": 3.2654548455093265e-08,
    "8-7": 2.239169036920681e-09,
    "8-8": 1.3435014221524085e-10,
    "8-9": 7.165340918146178e-12,
    "8-10": 3.439363640710165e-13,
    "9-0": 0.0005339815530772606,
    "9-1": 0.0002563111454770851,
    "9-2": 6.151467491450043e-05,
    "9-3": 9.842347986320066e-06,
    "9-4": 1.181081758358408e-06,
    "9-5": 1.1338384880240716e-07,
    "9-6": 9.070707904192573e-09,
    "9-7": 6.219913991446336e-10,
    "9-8": 3.731948394867801e-11,
    "9-9": 1.9903724772628272e-12,
    "9-10": 9.553787890861569e-14,
    "10-0": 0.00013349538826931516,
    "10-1": 6.407778636927127e-05,
    "10-2": 1.537866872862511e-05,
    "10-3": 2.4605869965800164e-06,
    "10-4": 2.95270439589602e-07,
    "10-5": 2.834596220060179e-08,
    "10-6": 2.2676769760481433e-09,
    "10-7": 1.554978497861584e-10,
    "10-8": 9.329870987169503e-12,
    "10-9": 4.975931193157068e-13,
    "10-10": 2.3884469727153922e-14
  },
  "summary": {
    "p_home": 0.8181493016945426,
    "p_draw": 0.12657230198796707,
    "p_away": 0.0552783963174896,
    "p_over": 0.5722878217086584,
    "p_under": 0.42771217829134156,
    "p_btts": 0.34687475701791587,
    "eg_home": 2.4994606538005186,
    "eg_away": 0.4799999999468589,
    "eg_total": 2.9794606537473776
  },
  "advance": {
    "home": 0.9157810844039954,
    "away": 0.08421891559600458
  }
}