{
  "match": "R32-086 澳大利亚vs埃及 主锚共识",
  "lambda_home": 0.88,
  "lambda_away": 1.14,
  "dc_rho": -0.05,
  "grid": {
    "0-0": 0.13930946879928616,
    "0-1": 0.1445732378649101,
    "0-2": 0.08619952466840876,
    "0-3": 0.032755819373995326,
    "0-4": 0.009335408521588666,
    "0-5": 0.0021284731429222154,
    "0-6": 0.00040440989715522093,
    "0-7": 6.586104039385026e-05,
    "0-8": 9.38519825612366e-06,
    "0-9": 1.1887917791089971e-06,
    "0-10": 1.3552226281842564e-07,
    "1-0": 0.11008281555991434,
    "1-1": 0.1397339663045784,
    "1-2": 0.07585558170819971,
    "1-3": 0.028825121049115884,
    "1-4": 0.008215159498998027,
    "1-5": 0.0018730563657715494,
    "1-6": 0.0003558807094965945,
    "1-7": 5.795771554658823e-05,
    "1-8": 8.258974465388821e-06,
    "1-9": 1.0461367656159176e-06,
    "1-10": 1.1925959128021456e-07,
    "2-0": 0.05136419814036299,
    "2-1": 0.0585551858800138,
    "2-2": 0.03337645595160786,
    "2-3": 0.012683053261610988,
    "2-4": 0.0036146701795591305,
    "2-5": 0.0008241448009394817,
    "2-6": 0.00015658751217850154,
    "2-7": 2.5501394840498816e-05,
    "2-8": 3.6339487647710807e-06,
    "2-9": 4.603001768710037e-07,
    "2-10": 5.247422016329441e-08,
    "3-0": 0.015066831454506477,
    "3-1": 0.017176187858137383,
    "3-2": 0.00979042707913831,
    "3-3": 0.0037203622900725563,
    "3-4": 0.0010603032526706785,
    "3-5": 0.00024174914160891465,
    "3-6": 4.5932336905693786e-05,
    "3-7": 7.480409153212987e-06,
    "3-8": 1.0659583043328505e-06,
    "3-9": 1.3502138521549442e-07,
    "3-10": 1.539243791456636e-08,
    "4-0": 0.0033147029199914247,
    "4-1": 0.003778761328790224,
    "4-2": 0.002153893957410428,
    "4-3": 0.0008184797038159624,
    "4-4": 0.00023326671558754924,
    "4-5": 5.3184811153961224e-05,
    "4-6": 1.0105114119252633e-05,
    "4-7": 1.645690013706857e-06,
    "4-8": 2.345108269532271e-07,
    "4-9": 2.970470474740877e-08,
    "4-10": 3.386336341204599e-09,
    "5-0": 0.0005833877139184909,
    "5-1": 0.0006650619938670796,
    "5-2": 0.0003790853365042353,
    "5-3": 0.00014405242787160938,
    "5-4": 4.105494194340867e-05,
    "5-5": 9.360526763097175e-06,
    "5-6": 1.7785000849884636e-06,
    "5-7": 2.896414424124069e-07,
    "5-8": 4.127390554376797e-08,
    "5-9": 5.228028035543944e-09,
    "5-10": 5.959951960520094e-10,
    "6-0": 8.5563531374712e-05,
    "6-1": 9.754242576717165e-05,
    "6-2": 5.5599182687287845e-05,
    "6-3": 2.1127689421169377e-05,
    "6-4": 6.0213914850332714e-06,
    "6-5": 1.3728772585875856e-06,
    "6-6": 2.6084667913164134e-07,
    "6-7": 4.2480744887153006e-08,
    "6-8": 6.053506146419302e-09,
    "6-9": 7.667774452131117e-10,
    "6-10": 8.741262875429472e-11,
    "7-0": 1.0756558229963794e-05,
    "7-1": 1.2262476382158726e-05,
    "7-2": 6.989611537830473e-06,
    "7-3": 2.6560523843755794e-06,
    "7-4": 7.569749295470399e-07,
    "7-5": 1.725902839367251e-07,
    "7-6": 3.279215394797777e-08,
    "7-7": 5.3404365000992356e-09,
    "7-8": 7.61012201264141e-10,
    "7-9": 9.63948788267912e-11,
    "7-10": 1.0989016186254195e-11,
    "8-0": 1.1832214052960173e-06,
    "8-1": 1.3488724020374596e-06,
    "8-2": 7.688572691613519e-07,
    "8-3": 2.921657622813137e-07,
    "8-4": 8.326724225017439e-08,
    "8-5": 1.8984931233039756e-08,
    "8-6": 3.6071369342775542e-09,
    "8-7": 5.874480150109159e-10,
    "8-8": 8.371134213905551e-11,
    "8-9": 1.0603436670947031e-11,
    "8-10": 1.2087917804879614e-12,
    "9-0": 1.1569275962894391e-07,
    "9-1": 1.3188974597699604e-07,
    "9-2": 7.517715520688774e-08,
    "9-3": 2.8567318978617338e-08,
    "9-4": 8.141685908905941e-09,
    "9-5": 1.856304387230554e-09,
    "9-6": 3.5269783357380523e-10,
    "9-7": 5.743936146773399e-11,
    "9-8": 8.185109009152091e-12,
    "9-9": 1.0367804744925986e-12,
    "9-10": 1.1819297409215623e-13,
    "10-0": 1.0180962847347066e-08,
    "10-1": 1.1606297645975652e-08,
    "10-2": 6.615589658206122e-09,
    "10-3": 2.5139240701183258e-09,
    "10-4": 7.164683599837228e-10,
    "10-5": 1.6335478607628877e-10,
    "10-6": 3.103740935449487e-11,
    "10-7": 5.054663809160592e-12,
    "10-8": 7.202895928053842e-13,
    "10-9": 9.123668175534869e-14,
    "10-10": 1.0400981720109748e-14
  },
  "summary": {
    "p_home": 0.27421907359047265,
    "p_draw": 0.3163831468597697,
    "p_away": 0.40939777954975803,
    "p_over": 0.3287367886625397,
    "p_under": 0.6712632113374604,
    "p_btts": 0.4047075222056159,
    "eg_home": 0.8799999719865103,
    "eg_away": 1.1399996275271358,
    "eg_total": 2.019999599513646
  },
  "advance": {
    "home": 0.4167231381326699,
    "away": 0.5832768618673301
  }
}