{
  "match": "R32-083 西班牙 vs 奥地利",
  "lambda_home": 2.24,
  "lambda_away": 0.62,
  "dc_rho": -0.11,
  "grid": {
    "0-0": 0.06601913066722587,
    "0-1": 0.026758420133027004,
    "0-2": 0.011007311891239878,
    "0-3": 0.0022748444575229083,
    "0-4": 0.0003526008909160507,
    "0-5": 4.372251047359029e-05,
    "0-6": 4.517992748937663e-06,
    "0-7": 4.001650720487644e-07,
    "0-8": 3.1012793083779246e-08,
    "0-9": 2.1364368568825703e-09,
    "0-10": 1.3245908512671935e-10,
    "1-0": 0.11953597093327989,
    "1-1": 0.08828574285928656,
    "1-2": 0.024656378636377325,
    "1-3": 0.005095651584851315,
    "1-4": 0.0007898259956519535,
    "1-5": 9.793842346084225e-05,
    "1-6": 1.0120303757620366e-05,
    "1-7": 8.963697613892324e-07,
    "1-8": 6.946865650766551e-08,
    "1-9": 4.785618559416957e-09,
    "1-10": 2.9670835068385135e-10,
    "2-0": 0.1436792095356015,
    "2-1": 0.08908110991207294,
    "2-2": 0.027615144072742612,
    "2-3": 0.005707129775033474,
    "2-4": 0.000884605115130188,
    "2-5": 0.00010969103427614336,
    "2-6": 1.1334740208534812e-05,
    "2-7": 1.0039341327559405e-06,
    "2-8": 7.780489528858539e-08,
    "2-9": 5.359892786546993e-09,
    "2-10": 3.3231335276591355e-10,
    "3-0": 0.10728047645324913,
    "3-1": 0.06651389540101446,
    "3-2": 0.020619307574314485,
    "3-3": 0.004261323565358327,
    "3-4": 0.0006605051526305405,
    "3-5": 8.190263892618704e-05,
    "3-6": 8.463272689039326e-06,
    "3-7": 7.496041524577689e-07,
    "3-8": 5.809432181547709e-08,
    "3-9": 4.002053280621755e-09,
    "3-10": 2.481273033985488e-10,
    "4-0": 0.060077066813819524,
    "4-1": 0.037247781424568104,
    "4-2": 0.011546812241616113,
    "4-3": 0.0023863411966006634,
    "4-4": 0.0003698828854731027,
    "4-5": 4.5865477798664744e-05,
    "4-6": 4.739432705862023e-06,
    "4-7": 4.1977832537635064e-07,
    "4-8": 3.253282021666717e-08,
    "4-9": 2.2411498371481827e-09,
    "4-10": 1.3895128990318735e-10,
    "5-0": 0.02691452593259115,
    "5-1": 0.016687006078206508,
    "5-2": 0.005172971884244019,
    "5-3": 0.0010690808560770973,
    "5-4": 0.00016570753269195003,
    "5-5": 2.0547734053801808e-05,
    "5-6": 2.1232658522261865e-06,
    "5-7": 1.8806068976860507e-07,
    "5-8": 1.4574703457066894e-08,
    "5-9": 1.0040351270423861e-09,
    "5-10": 6.225017787662794e-11,
    "6-0": 0.010048089681500698,
    "6-1": 0.0062298156025304315,
    "6-2": 0.0019312428367844337,
    "6-3": 0.0003991235196021163,
    "6-4": 6.186414553832801e-05,
    "6-5": 7.671154046752676e-06,
    "6-6": 7.926859181644431e-07,
    "6-7": 7.020932418027925e-08,
    "6-8": 5.4412226239716416e-09,
    "6-9": 3.748397807624908e-10,
    "6-10": 2.3240066407274428e-11,
    "7-0": 0.003215388698080223,
    "7-1": 0.0019935409928097383,
    "7-2": 0.0006179977077710188,
    "7-3": 0.00012771952627267723,
    "7-4": 1.9796526572264967e-05,
    "7-5": 2.454769294960856e-06,
    "7-6": 2.536594938126218e-07,
    "7-7": 2.2466983737689358e-08,
    "7-8": 1.7411912396709252e-09,
    "7-9": 1.1994872984399706e-10,
    "7-10": 7.436821250327818e-12,
    "8-0": 0.0009003088354624624,
    "8-1": 0.0005581914779867267,
    "8-2": 0.0001730393581758853,
    "8-3": 3.576146735634963e-05,
    "8-4": 5.543027440234191e-06,
    "8-5": 6.873354025890398e-07,
    "8-6": 7.10246582675341e-08,
    "8-7": 6.290755446553021e-09,
    "8-8": 4.875335471078591e-10,
    "8-9": 3.3585644356319186e-11,
    "8-10": 2.082309950091789e-12,
    "9-0": 0.0002240768657151018,
    "9-1": 0.00013892765674336312,
    "9-2": 4.306757359044257e-05,
    "9-3": 8.900631875358131e-06,
    "9-4": 1.3795979406805101e-06,
    "9-5": 1.7107014464438325e-07,
    "9-6": 1.7677248279919606e-08,
    "9-7": 1.5656991333643077e-09,
    "9-8": 1.2134168283573383e-10,
    "9-9": 8.359093706461665e-12,
    "9-10": 5.182638098006231e-13,
    "10-0": 5.0193217920182806e-05,
    "10-1": 3.1119795110513343e-05,
    "10-2": 9.647136484259135e-06,
    "10-3": 1.993741540080221e-06,
    "10-4": 3.0902993871243427e-07,
    "10-5": 3.831971240034185e-08,
    "10-6": 3.959703614701992e-09,
    "10-7": 3.5071660587360496e-10,
    "10-8": 2.7180536955204383e-11,
    "10-9": 1.8724369902474133e-12,
    "10-10": 1.1609109339533959e-13
  },
  "summary": {
    "p_home": 0.7348156797479611,
    "p_draw": 0.18657258743305088,
    "p_away": 0.07861173281898812,
    "p_over": 0.5447142139803394,
    "p_under": 0.45528578601966063,
    "p_btts": 0.42161371104286477,
    "eg_home": 2.2397909955001407,
    "eg_away": 0.6199999992285942,
    "eg_total": 2.8597909947287348
  },
  "advance": {
    "home": 0.8660654674415174,
    "away": 0.13393453255848264
  }
}