{
  "match": "葡萄牙 vs 西班牙",
  "lambda_home": 1.04,
  "lambda_away": 1.64,
  "dc_rho": -0.08,
  "grid": {
    "0-0": 0.07791856162707274,
    "0-1": 0.10308840278790446,
    "0-2": 0.09220385066108383,
    "0-3": 0.05040477169472582,
    "0-4": 0.020665956394837585,
    "0-5": 0.006778433697506727,
    "0-6": 0.0018527718773185054,
    "0-7": 0.0004340779826860498,
    "0-8": 8.89859864506402e-05,
    "0-9": 1.6215224197672214e-05,
    "0-10": 2.6592967684182435e-06,
    "1-0": 0.0619504563299551,
    "1-1": 0.12629678666162117,
    "1-2": 0.09589200468752718,
    "1-3": 0.052420962562514856,
    "1-4": 0.02149259465063109,
    "1-5": 0.007049571045406996,
    "1-6": 0.0019268827524112457,
    "1-7": 0.0004514411019934918,
    "1-8": 9.25454259086658e-05,
    "1-9": 1.68638331655791e-05,
    "1-10": 2.7656686391549726e-06,
    "2-0": 0.03707900240743169,
    "2-1": 0.06080956394818797,
    "2-2": 0.04986384243751414,
    "2-3": 0.027258900532507725,
    "2-4": 0.011176149218328168,
    "2-5": 0.0036657769436116384,
    "2-6": 0.0010019790312538477,
    "2-7": 0.00023474937303661576,
    "2-8": 4.8123621472506215e-05,
    "2-9": 8.769193246101133e-06,
    "2-10": 1.4381476923605862e-06,
    "3-0": 0.012854054167909653,
    "3-1": 0.021080648835371828,
    "3-2": 0.0172861320450049,
    "3-3": 0.009449752184602679,
    "3-4": 0.003874398395687098,
    "3-5": 0.001270802673785368,
    "3-6": 0.00034735273083466724,
    "3-7": 8.137978265269345e-05,
    "3-8": 1.6682855443802157e-05,
    "3-9": 3.0399869919817265e-06,
    "3-10": 4.985578666850032e-07,
    "4-0": 0.0033420540836565102,
    "4-1": 0.005480968697196676,
    "4-2": 0.004494394331701275,
    "4-3": 0.002456935567996697,
    "4-4": 0.0010073435828786455,
    "4-5": 0.0003304086951841957,
    "4-6": 9.031171001701348e-05,
    "4-7": 2.11587434897003e-05,
    "4-8": 4.337542415388562e-06,
    "4-9": 7.90396617915249e-07,
    "4-10": 1.2962504533810083e-07,
    "5-0": 0.0006951472494005542,
    "5-1": 0.0011400414890169086,
    "5-2": 0.0009348340209938651,
    "5-3": 0.000511042598143313,
    "5-4": 0.00020952746523875829,
    "5-5": 6.87250085983127e-05,
    "5-6": 1.8784835683538806e-05,
    "5-7": 4.401018645857663e-06,
    "5-8": 9.022088224008207e-07,
    "5-9": 1.6440249652637178e-07,
    "5-10": 2.696200943032497e-08,
    "6-0": 0.00012049218989609606,
    "6-1": 0.00019760719142959752,
    "6-2": 0.00016203789697226997,
    "6-3": 8.858071701150758e-05,
    "6-4": 3.6318093974718104e-05,
    "6-5": 1.1912334823707536e-05,
    "6-6": 3.2560381851467266e-06,
    "6-7": 7.628432319486616e-07,
    "6-8": 1.563828625494756e-07,
    "6-9": 2.849643273123778e-08,
    "6-10": 4.673414967922995e-09,
    "7-0": 1.7901696784562845e-05,
    "7-1": 2.935878272668306e-05,
    "7-2": 2.4074201835880105e-05,
    "7-3": 1.3160563670281126e-05,
    "7-4": 5.395831104815261e-06,
    "7-5": 1.7698326023794052e-06,
    "7-6": 4.837542446503707e-07,
    "7-7": 1.1333670874665829e-07,
    "7-8": 2.3234025293064945e-08,
    "7-9": 4.233755720069613e-09,
    "7-10": 6.943359380914164e-10,
    "8-0": 2.3272205819931694e-06,
    "8-1": 3.816641754468798e-06,
    "8-2": 3.1296462386644142e-06,
    "8-3": 1.7108732771365463e-06,
    "8-4": 7.014580436259838e-07,
    "8-5": 2.300782383093227e-07,
    "8-6": 6.288805180454821e-08,
    "8-7": 1.4733772137065576e-08,
    "8-8": 3.020423288098443e-09,
    "8-9": 5.503882436090496e-10,
    "8-10": 9.026367195188414e-11,
    "9-0": 2.689232672525441e-07,
    "9-1": 4.4103415829417223e-07,
    "9-2": 3.6164800980122127e-07,
    "9-3": 1.977009120246676e-07,
    "9-4": 8.105737393011371e-08,
    "9-5": 2.658681864907729e-08,
    "9-6": 7.2670637640811265e-09,
    "9-7": 1.702569224727578e-09,
    "9-8": 3.4902669106915345e-10,
    "9-9": 6.360041926149019e-11,
    "9-10": 1.0430468758884392e-11,
    "10-0": 2.796801979426458e-08,
    "10-1": 4.586755246259391e-08,
    "10-2": 3.7611393019327004e-08,
    "10-3": 2.056089485056543e-08,
    "10-4": 8.429966888731824e-09,
    "10-5": 2.765029139504038e-09,
    "10-6": 7.557746314644372e-10,
    "10-7": 1.770671993716681e-10,
    "10-8": 3.6298775871191956e-11,
    "10-9": 6.6144436031949785e-12,
    "10-10": 1.0847687509239766e-12
  },
  "summary": {
    "p_home": 0.23104742031205186,
    "p_draw": 0.26460838396229003,
    "p_away": 0.504344195725658,
    "p_over": 0.5014629395249308,
    "p_under": 0.4985370604750692,
    "p_btts": 0.530483580532544,
    "eg_home": 1.0399998500531167,
    "eg_away": 1.6399876610868158,
    "eg_total": 2.6799875111399327
  },
  "advance": {
    "home": 0.3384716449184391,
    "away": 0.6615283550815609
  }
}