{
  "match": "R32-088 哥伦比亚vs加纳 主锚共识60:Poly40",
  "lambda_home": 1.7,
  "lambda_away": 0.78,
  "dc_rho": -0.08,
  "grid": {
    "0-0": 0.0926268759629705,
    "0-1": 0.05643633756054271,
    "0-2": 0.025474735704411642,
    "0-3": 0.0066234312831470275,
    "0-4": 0.0012915691002136705,
    "0-5": 0.00020148477963333262,
    "0-6": 2.619302135233324e-05,
    "0-7": 2.9186509506885606e-06,
    "0-8": 2.8456846769213467e-07,
    "0-9": 2.466260053331834e-08,
    "0-10": 1.923682841598831e-09,
    "1-0": 0.1334802456738192,
    "1-1": 0.11992721731615326,
    "1-2": 0.043307050697499794,
    "1-3": 0.011259833181349946,
    "1-4": 0.0021956674703632398,
    "1-5": 0.0003425241253766655,
    "1-6": 4.45281362989665e-05,
    "1-7": 4.961706616170552e-06,
    "1-8": 4.83766395076629e-07,
    "1-9": 4.192642090664117e-08,
    "1-10": 3.2702608307180122e-09,
    "2-0": 0.12100918176487448,
    "2-1": 0.0943871617766021,
    "2-2": 0.03681099309287481,
    "2-3": 0.009570858204147454,
    "2-4": 0.0018663173498087535,
    "2-5": 0.0002911455065701656,
    "2-6": 3.7848915854121526e-05,
    "2-7": 4.217450623744969e-06,
    "2-8": 4.1120143581513453e-07,
    "2-9": 3.5637457770644995e-08,
    "2-10": 2.77972170611031e-09,
    "3-0": 0.0685718696667622,
    "3-1": 0.05348605834007452,
    "3-2": 0.020859562752629065,
    "3-3": 0.005423486315683557,
    "3-4": 0.0010575798315582937,
    "3-5": 0.00016498245372309386,
    "3-6": 2.14477189840022e-05,
    "3-7": 2.389888686788816e-06,
    "3-8": 2.330141469619096e-07,
    "3-9": 2.01945594033655e-08,
    "3-10": 1.575175633462509e-09,
    "4-0": 0.029143044608373938,
    "4-1": 0.02273157479453167,
    "4-2": 0.008865314169867352,
    "4-3": 0.002304981684165512,
    "4-4": 0.0004494714284122748,
    "4-5": 7.01175428323149e-05,
    "4-6": 9.115280568200934e-06,
    "4-7": 1.0157026918852466e-06,
    "4-8": 9.903101245881158e-08,
    "4-9": 8.582687746430337e-09,
    "4-10": 6.694496442215664e-10,
    "5-0": 0.00990863516684714,
    "5-1": 0.007728735430140769,
    "5-2": 0.0030142068177548996,
    "5-3": 0.000783693772616274,
    "5-4": 0.00015282028566017343,
    "5-5": 2.3839964562987062e-05,
    "5-6": 3.099195393188318e-06,
    "5-7": 3.453389152409839e-07,
    "5-8": 3.367054423599594e-08,
    "5-9": 2.9181138337863145e-09,
    "5-10": 2.2761287903533257e-10,
    "6-0": 0.0028074466306066896,
    "6-1": 0.002189808371873218,
    "6-2": 0.000854025265030555,
    "6-3": 0.0002220465689079443,
    "6-4": 4.329908093704914e-05,
    "6-5": 6.754656626179668e-06,
    "6-6": 8.781053614033566e-07,
    "6-7": 9.784602598494544e-08,
    "6-8": 9.539987533532182e-09,
    "6-9": 8.267989195727892e-10,
    "6-10": 6.449031572667757e-11,
    "7-0": 0.000681808467433053,
    "7-1": 0.0005318106045977814,
    "7-2": 0.00020740613579313472,
    "7-3": 5.392559530621503e-05,
    "7-4": 1.0515491084711933e-05,
    "7-5": 1.6404166092150619e-06,
    "7-6": 2.13254159197958e-07,
    "7-7": 2.3762606310629603e-08,
    "7-8": 2.3168541152863866e-09,
    "7-9": 2.0079402332482017e-10,
    "7-10": 1.5661933819335976e-11,
    "8-0": 0.0001448842993295238,
    "8-1": 0.00011300975347702855,
    "8-2": 4.4073803856041135e-05,
    "8-3": 1.1459189002570696e-05,
    "8-4": 2.234541855501286e-06,
    "8-5": 3.4858852945820066e-07,
    "8-6": 4.5316508829566086e-08,
    "8-7": 5.0495538410087905e-09,
    "8-8": 4.923314994983572e-10,
    "8-9": 4.266872995652429e-11,
    "8-10": 3.328160936608895e-12,
    "9-0": 2.7367034317798936e-05,
    "9-1": 2.1346286767883167e-05,
    "9-2": 8.325051839474437e-06,
    "9-3": 2.1645134782633533e-06,
    "9-4": 4.2208012826135394e-07,
    "9-5": 6.584450000877123e-08,
    "9-6": 8.559785001140258e-09,
    "9-7": 9.538046144127716e-10,
    "9-8": 9.299594990524524e-11,
    "9-9": 8.05964899178792e-12,
    "9-10": 6.286526213594579e-13,
    "10-0": 4.652395834025818e-06,
    "10-1": 3.6288687505401385e-06,
    "10-2": 1.4152588127106538e-06,
    "10-3": 3.679672913047701e-07,
    "10-4": 7.175362180443018e-08,
    "10-5": 1.1193565001491108e-08,
    "10-6": 1.455163450193844e-09,
    "10-7": 1.6214678445017116e-10,
    "10-8": 1.580931148389169e-11,
    "10-9": 1.3701403286039464e-12,
    "10-10": 1.0687094563110784e-13
  },
  "summary": {
    "p_home": 0.5844236972757794,
    "p_draw": 0.2552627864491232,
    "p_away": 0.16031351627509777,
    "p_over": 0.4510454060172283,
    "p_under": 0.5489545939827717,
    "p_btts": 0.45153700707382916,
    "eg_home": 1.6999827465767978,
    "eg_away": 0.7799999917865071,
    "eg_total": 2.479982738363305
  },
  "advance": {
    "home": 0.7461947762219903,
    "away": 0.25380522377800974
  }
}