{
  "match": "阿根廷 vs 埃及 (R16 095)",
  "lambda_home": 2.02,
  "lambda_away": 0.62,
  "dc_rho": -0.04,
  "grid": {
    "0-0": 0.07493686589214942,
    "0-1": 0.040669443193193315,
    "0-2": 0.013715760868026464,
    "0-3": 0.002834590579392136,
    "0-4": 0.000439361539805781,
    "0-5": 5.4480830935916855e-05,
    "0-6": 5.629685863378074e-06,
    "0-7": 4.986293193277722e-07,
    "0-8": 3.8643772247902356e-08,
    "0-9": 2.662126532633273e-09,
    "0-10": 1.6505184502326294e-10,
    "1-0": 0.14057613005706976,
    "1-1": 0.09294861429532257,
    "1-2": 0.02770583695341346,
    "1-3": 0.005725872970372116,
    "1-4": 0.0008875103104076776,
    "1-5": 0.00011005127849055205,
    "1-6": 1.137196544402371e-05,
    "1-7": 1.0072312250421e-06,
    "1-8": 7.806041994076276e-08,
    "1-9": 5.377495595919212e-09,
    "1-10": 3.3340472694699117e-10,
    "2-0": 0.14559258752834336,
    "2-1": 0.09026740426757288,
    "2-2": 0.02798289532294759,
    "2-3": 0.005783131700075836,
    "2-4": 0.0008963854135117544,
    "2-5": 0.00011115179127545756,
    "2-6": 1.1485685098463948e-05,
    "2-7": 1.0173035372925211e-06,
    "2-8": 7.884102414017038e-08,
    "2-9": 5.431270551878403e-09,
    "2-10": 3.36738774216461e-10,
    "3-0": 0.09803234226908454,
    "3-1": 0.06078005220683241,
    "3-2": 0.01884181618411805,
    "3-3": 0.0038939753447177305,
    "3-4": 0.0006035661784312481,
    "3-5": 7.484220612547477e-05,
    "3-6": 7.733694632965724e-06,
    "3-7": 6.849843817769643e-07,
    "3-8": 5.308628958771473e-08,
    "3-9": 3.657055504931459e-09,
    "3-10": 2.2673744130575043e-10,
    "4-0": 0.049506332845887686,
    "4-1": 0.030693926364450362,
    "4-2": 0.009515117172979612,
    "4-3": 0.001966457549082453,
    "4-4": 0.00030480092010778026,
    "4-5": 3.7795314093364754e-05,
    "4-6": 3.905515789647691e-06,
    "4-7": 3.4591711279736693e-07,
    "4-8": 2.6808576241795933e-08,
    "4-9": 1.8468130299903865e-09,
    "4-10": 1.1450240785940396e-10,
    "5-0": 0.020000558469738625,
    "5-1": 0.012400346251237947,
    "5-2": 0.0038441073378837638,
    "5-3": 0.0007944488498293113,
    "5-4": 0.0001231395717235432,
    "5-5": 1.526930689371936e-05,
    "5-6": 1.5778283790176673e-06,
    "5-7": 1.3975051357013623e-07,
    "5-8": 1.0830664801685558e-08,
    "5-9": 7.461124641161163e-10,
    "5-10": 4.6258972775199205e-11,
    "6-0": 0.006733521351478671,
    "6-1": 0.004174783237916775,
    "6-2": 0.0012941828037542006,
    "6-3": 0.00026746444610920147,
    "6-4": 4.145698914692621e-05,
    "6-5": 5.140666654218851e-06,
    "6-6": 5.31202220935948e-07,
    "6-7": 4.7049339568612535e-08,
    "6-8": 3.646323816567471e-09,
    "6-9": 2.511911962524258e-10,
    "6-10": 1.5573854167650397e-11,
    "7-0": 0.001943101875712416,
    "7-1": 0.001204723162941698,
    "7-2": 0.0003734641805119264,
    "7-3": 7.718259730579813e-05,
    "7-4": 1.1963302582398706e-05,
    "7-5": 1.4834495202174398e-06,
    "7-6": 1.532897837558021e-07,
    "7-7": 1.3577095132656758e-08,
    "7-8": 1.0522248727808988e-09,
    "7-9": 7.248660234712858e-11,
    "7-10": 4.494169345521971e-12,
    "8-0": 0.0004906332236173851,
    "8-1": 0.0003041925986427788,
    "8-2": 9.429970557926143e-05,
    "8-3": 1.948860581971403e-05,
    "8-4": 3.0207339020556743e-06,
    "8-5": 3.745710038549036e-07,
    "8-6": 3.8705670398340044e-08,
    "8-7": 3.428216520995832e-09,
    "8-8": 2.65686780377177e-10,
    "8-9": 1.830286709264997e-11,
    "8-10": 1.1347777597442981e-12,
    "9-0": 0.00011011990130079087,
    "9-1": 6.827433880649034e-05,
    "9-2": 2.1165045030012005e-05,
    "9-3": 4.374109306202481e-06,
    "9-4": 6.779869424613844e-07,
    "9-5": 8.407038086521169e-08,
    "9-6": 8.687272689405207e-09,
    "9-7": 7.694441524901754e-10,
    "9-8": 5.96319218179886e-11,
    "9-9": 4.107976836350325e-12,
    "9-10": 2.5469456385372016e-13,
    "10-0": 2.224422006275976e-05,
    "10-1": 1.379141643891105e-05,
    "10-2": 4.275339096062425e-06,
    "10-3": 8.835700798529014e-07,
    "10-4": 1.3695336237719966e-07,
    "10-5": 1.6982216934772765e-08,
    "10-6": 1.754829083259852e-09,
    "10-7": 1.5542771880301548e-10,
    "10-8": 1.2045648207233698e-11,
    "10-9": 8.298113209427658e-13,
    "10-10": 5.1448301898451476e-14
  },
  "summary": {
    "p_home": 0.7002214952242093,
    "p_draw": 0.20008296613130108,
    "p_away": 0.09969553864448909,
    "p_over": 0.49156059816589476,
    "p_under": 0.5084394018341052,
    "p_btts": 0.40433575556806733,
    "eg_home": 2.01991647218303,
    "eg_away": 0.6199999992285937,
    "eg_total": 2.6399164714116234
  },
  "advance": {
    "home": 0.8372160356082502,
    "away": 0.1627839643917498
  }
}