{
  "match": "QF-97 France vs Morocco (matchday recheck)",
  "lambda_home": 1.82,
  "lambda_away": 0.8,
  "dc_rho": -0.09,
  "grid": {
    "0-0": 0.08234323533203834,
    "0-1": 0.04870237189464597,
    "0-2": 0.023296996840299438,
    "0-3": 0.006212532490746519,
    "0-4": 0.0012425064981493033,
    "0-5": 0.00019880103970388856,
    "0-6": 2.6506805293851815e-05,
    "0-7": 3.0293491764402073e-06,
    "0-8": 3.0293491764402077e-07,
    "0-9": 2.6927548235024064e-08,
    "0-10": 2.1542038588019253e-09,
    "1-0": 0.12296154932310042,
    "1-1": 0.11554145582946507,
    "1-2": 0.04240053424934497,
    "1-3": 0.011306809133158664,
    "1-4": 0.002261361826631732,
    "1-5": 0.0003618178922610772,
    "1-6": 4.82423856348103e-05,
    "1-7": 5.513415501121177e-06,
    "1-8": 5.513415501121178e-07,
    "1-9": 4.90081377877438e-08,
    "1-10": 3.920651023019505e-09,
    "2-0": 0.12057651927157477,
    "2-1": 0.09646121541725981,
    "2-2": 0.03858448616690393,
    "2-3": 0.010289196311174384,
    "2-4": 0.0020578392622348763,
    "2-5": 0.0003292542819575802,
    "2-6": 4.390057092767737e-05,
    "2-7": 5.017208106020271e-06,
    "2-8": 5.017208106020272e-07,
    "2-9": 4.4597405386846855e-08,
    "2-10": 3.567792430947749e-09,
    "3-0": 0.07314975502475536,
    "3-1": 0.058519804019804285,
    "3-2": 0.023407921607921718,
    "3-3": 0.006242112428779126,
    "3-4": 0.001248422485755825,
    "3-5": 0.00019974759772093203,
    "3-6": 2.6633013029457607e-05,
    "3-7": 3.043772917652298e-06,
    "3-8": 3.043772917652299e-07,
    "3-9": 2.7055759268020425e-08,
    "3-10": 2.1644607414416345e-09,
    "4-0": 0.03328313853626369,
    "4-1": 0.026626510829010956,
    "4-2": 0.010650604331604384,
    "4-3": 0.0028401611550945027,
    "4-4": 0.0005680322310189005,
    "4-5": 9.088515696302409e-05,
    "4-6": 1.2118020928403213e-05,
    "4-7": 1.3849166775317958e-06,
    "4-8": 1.384916677531796e-07,
    "4-9": 1.2310370466949297e-08,
    "4-10": 9.848296373559437e-10,
    "5-0": 0.012115062427199985,
    "5-1": 0.009692049941759989,
    "5-2": 0.0038768199767039956,
    "5-3": 0.001033818660454399,
    "5-4": 0.00020676373209087978,
    "5-5": 3.308219713454077e-05,
    "5-6": 4.41095961793877e-06,
    "5-7": 5.041096706215736e-07,
    "5-8": 5.0410967062157375e-08,
    "5-9": 4.480974849969544e-09,
    "5-10": 3.584779879975636e-10,
    "6-0": 0.0036749022695839956,
    "6-1": 0.0029399218156671964,
    "6-2": 0.0011759687262668786,
    "6-3": 0.0003135916603378344,
    "6-4": 6.271833206756686e-05,
    "6-5": 1.00349331308107e-05,
    "6-6": 1.3379910841080935e-06,
    "6-7": 1.5291326675521068e-07,
    "6-8": 1.5291326675521073e-08,
    "6-9": 1.359229037824095e-09,
    "6-10": 1.0873832302592761e-10,
    "7-0": 0.0009554745900918388,
    "7-1": 0.000764379672073471,
    "7-2": 0.0003057518688293884,
    "7-3": 8.153383168783693e-05,
    "7-4": 1.6306766337567385e-05,
    "7-5": 2.6090826140107814e-06,
    "7-6": 3.478776818681043e-07,
    "7-7": 3.975744935635477e-08,
    "7-8": 3.9757449356354785e-09,
    "7-9": 3.533995498342647e-10,
    "7-10": 2.827196398674118e-11,
    "8-0": 0.00021737046924589335,
    "8-1": 0.00017389637539671468,
    "8-2": 6.955855015868587e-05,
    "8-3": 1.8548946708982908e-05,
    "8-4": 3.7097893417965805e-06,
    "8-5": 5.935662946874529e-07,
    "8-6": 7.914217262499374e-08,
    "8-7": 9.044819728570712e-09,
    "8-8": 9.044819728570714e-10,
    "8-9": 8.039839758729522e-11,
    "8-10": 6.431871806983619e-12,
    "9-0": 4.395713933639176e-05,
    "9-1": 3.5165711469113414e-05,
    "9-2": 1.4066284587645366e-05,
    "9-3": 3.7510092233720985e-06,
    "9-4": 7.502018446744195e-07,
    "9-5": 1.2003229514790713e-07,
    "9-6": 1.6004306019720952e-08,
    "9-7": 1.8290635451109661e-09,
    "9-8": 1.8290635451109667e-10,
    "9-9": 1.6258342623208588e-11,
    "9-10": 1.3006674098566873e-12,
    "10-0": 8.000199359223302e-06,
    "10-1": 6.400159487378642e-06,
    "10-2": 2.5600637949514573e-06,
    "10-3": 6.82683678653722e-07,
    "10-4": 1.365367357307444e-07,
    "10-5": 2.1845877716919104e-08,
    "10-6": 2.9127836955892144e-09,
    "10-7": 3.328895652101959e-10,
    "10-8": 3.32889565210196e-11,
    "10-9": 2.9590183574239637e-12,
    "10-10": 2.3672146859391713e-13
  },
  "summary": {
    "p_home": 0.6063046347309952,
    "p_draw": 0.24331378285485045,
    "p_away": 0.1503815824141545,
    "p_over": 0.4865778715088766,
    "p_under": 0.5134221284911233,
    "p_btts": 0.4709879584827655,
    "eg_home": 1.819967595316615,
    "eg_away": 0.7999999893636842,
    "eg_total": 2.619967584680299
  },
  "advance": {
    "home": 0.7567503560896791,
    "away": 0.2432496439103209
  }
}