{
  "match": "美国 vs 比利时",
  "lambda_home": 1.4,
  "lambda_away": 1.48,
  "dc_rho": -0.17,
  "grid": {
    "0-0": 0.07590772995992941,
    "0-1": 0.0633065887265648,
    "0-2": 0.06147883944574533,
    "0-3": 0.030329560793234366,
    "0-4": 0.011221937493496715,
    "0-5": 0.0033216934980750275,
    "0-6": 0.0008193510628585068,
    "0-7": 0.0001732342247186557,
    "0-8": 3.204833157295131e-05,
    "0-9": 5.270170080885325e-06,
    "0-10": 7.799851719710282e-07,
    "1-0": 0.058815804252806914,
    "1-1": 0.13608424190828494,
    "1-2": 0.08607037522404347,
    "1-3": 0.04246138511052811,
    "1-4": 0.015710712490895402,
    "1-5": 0.0046503708973050385,
    "1-6": 0.0011470914880019095,
    "1-7": 0.000242527914606118,
    "1-8": 4.486766420213183e-05,
    "1-9": 7.378238113239456e-06,
    "1-10": 1.0919792407594395e-06,
    "2-0": 0.055012109803533986,
    "2-1": 0.0814179225092303,
    "2-2": 0.06024926265683042,
    "2-3": 0.029722969577369675,
    "2-4": 0.010997498743626778,
    "2-5": 0.0032552596281135264,
    "2-6": 0.0008029640416013366,
    "2-7": 0.0001697695402242826,
    "2-8": 3.140736494149228e-05,
    "2-9": 5.164766679267618e-06,
    "2-10": 7.643854685316077e-07,
    "3-0": 0.02567231790831586,
    "3-1": 0.03799503050430747,
    "3-2": 0.028116322573187528,
    "3-3": 0.013870719136105847,
    "3-4": 0.005132166080359163,
    "3-5": 0.0015191211597863124,
    "3-6": 0.00037471655274729036,
    "3-7": 7.922578543799854e-05,
    "3-8": 1.465677030602973e-05,
    "3-9": 2.4102244503248886e-06,
    "3-10": 3.5671321864808354e-07,
    "4-0": 0.00898531126791055,
    "4-1": 0.013298260676507615,
    "4-2": 0.009840712900615634,
    "4-3": 0.004854751697637046,
    "4-4": 0.001796258128125707,
    "4-5": 0.0005316924059252093,
    "4-6": 0.00013115079346155163,
    "4-7": 2.7729024903299486e-05,
    "4-8": 5.129869607110405e-06,
    "4-9": 8.435785576137109e-07,
    "4-10": 1.2484962652682922e-07,
    "5-0": 0.002515887155014954,
    "5-1": 0.003723512989422132,
    "5-2": 0.0027553996121723774,
    "5-3": 0.001359330475338373,
    "5-4": 0.000502952275875198,
    "5-5": 0.00014887387365905861,
    "5-6": 3.672222216923446e-05,
    "5-7": 7.764126972923856e-06,
    "5-8": 1.4363634899909133e-06,
    "5-9": 2.3620199613183906e-07,
    "5-10": 3.4957895427512184e-08,
    "6-0": 0.0005870403361701558,
    "6-1": 0.0008688196975318306,
    "6-2": 0.0006429265761735547,
    "6-3": 0.000317177110912287,
    "6-4": 0.00011735553103754616,
    "6-5": 3.473723718711366e-05,
    "6-6": 8.568518506154704e-06,
    "6-7": 1.811629627015566e-06,
    "6-8": 3.3515148099787967e-07,
    "6-9": 5.5113799097429096e-08,
    "6-10": 8.156842266419509e-09,
    "7-0": 0.00011740806723403115,
    "7-1": 0.0001737639395063661,
    "7-2": 0.0001285853152347109,
    "7-3": 6.343542218245739e-05,
    "7-4": 2.3471106207509228e-05,
    "7-5": 6.947447437422733e-06,
    "7-6": 1.7137037012309405e-06,
    "7-7": 3.623259254031131e-07,
    "7-8": 6.703029619957594e-08,
    "7-9": 1.1022759819485818e-08,
    "7-10": 1.6313684532839015e-09,
    "8-0": 2.0546411765955455e-05,
    "8-1": 3.0408689413614068e-05,
    "8-2": 2.250243016607441e-05,
    "8-3": 1.1101198881930045e-05,
    "8-4": 4.107443586314116e-06,
    "8-5": 1.2158033015489782e-06,
    "8-6": 2.9989814771541465e-07,
    "8-7": 6.34070369455448e-08,
    "8-8": 1.1730301834925789e-08,
    "8-9": 1.9289829684100185e-09,
    "8-10": 2.854894793246828e-10,
    "9-0": 3.1961084969264034e-06,
    "9-1": 4.730240575451077e-06,
    "9-2": 3.500378025833797e-06,
    "9-3": 1.72685315941134e-06,
    "9-4": 6.389356689821957e-07,
    "9-5": 1.891249580187299e-07,
    "9-6": 4.665082297795338e-08,
    "9-7": 9.863316858195859e-09,
    "9-8": 1.8247136187662336e-09,
    "9-9": 3.0006401730822506e-10,
    "9-10": 4.440947456161731e-11,
    "10-0": 4.474551895696964e-07,
    "10-1": 6.622336805631507e-07,
    "10-2": 4.900529236167315e-07,
    "10-3": 2.417594423175875e-07,
    "10-4": 8.945099365750738e-08,
    "10-5": 2.6477494122622185e-08,
    "10-6": 6.531115216913472e-09,
    "10-7": 1.3808643601474198e-09,
    "10-8": 2.5545990662727267e-10,
    "10-9": 4.20089624231515e-11,
    "10-10": 6.217326438626423e-12
  },
  "summary": {
    "p_home": 0.33805525899360245,
    "p_draw": 0.2880660285439502,
    "p_away": 0.37387871246244675,
    "p_over": 0.5493946859031344,
    "p_under": 0.45060531409686555,
    "p_btts": 0.6016728975421124,
    "eg_home": 1.399997248096454,
    "eg_away": 1.4799953187674753,
    "eg_total": 2.8799925668639292
  },
  "advance": {
    "home": 0.47946847278675664,
    "away": 0.5205315272132434
  }
}