{
  "match": "SF-101 France vs Spain",
  "lambda_home": 1.42,
  "lambda_away": 1.18,
  "dc_rho": -0.13,
  "grid": {
    "0-0": 0.09045247734139837,
    "0-1": 0.07146398426422118,
    "0-2": 0.051709284665060695,
    "0-3": 0.020338985301590538,
    "0-4": 0.006000000663969209,
    "0-5": 0.0014160001566967332,
    "0-6": 0.0002784800308170242,
    "0-7": 4.6943776623441223e-05,
    "0-8": 6.924207051957579e-06,
    "0-9": 9.078404801455493e-07,
    "0-10": 1.071251766571748e-07,
    "1-0": 0.08928964976208754,
    "1-1": 0.14063172571789218,
    "1-2": 0.07342718422438618,
    "1-3": 0.028881359128258566,
    "1-4": 0.008520000942836278,
    "1-5": 0.0020107202225093613,
    "1-6": 0.00039544164376017436,
    "1-7": 6.666016280528652e-05,
    "1-8": 9.832374013779762e-06,
    "1-9": 1.2891334818066797e-06,
    "1-10": 1.5211775085318818e-07,
    "2-0": 0.07488264981228698,
    "2-1": 0.08836152677849865,
    "2-2": 0.05213330079931419,
    "2-3": 0.020505764981063584,
    "2-4": 0.0060492006694137564,
    "2-5": 0.0014276113579816464,
    "2-6": 0.0002807635670697238,
    "2-7": 4.732871559175344e-05,
    "2-8": 6.980985549783631e-06,
    "2-9": 9.152847720827427e-07,
    "2-10": 1.0800360310576364e-07,
    "3-0": 0.035444454244482504,
    "3-1": 0.04182445600848935,
    "3-2": 0.024676429045008715,
    "3-3": 0.009706062091036761,
    "3-4": 0.0028632883168558444,
    "3-5": 0.0006757360427779792,
    "3-6": 0.00013289475507966925,
    "3-7": 2.240225871342996e-05,
    "3-8": 3.3043331602309184e-06,
    "3-9": 4.332347921191648e-07,
    "3-10": 5.1121705470061445e-08,
    "4-0": 0.012582781256791287,
    "4-1": 0.014847681883013721,
    "4-2": 0.008760132310978094,
    "4-3": 0.00344565204231805,
    "4-4": 0.0010164673524838247,
    "4-5": 0.00023988629518618263,
    "4-6": 4.717763805328258e-05,
    "4-7": 7.952801843267636e-06,
    "4-8": 1.1730382718819763e-06,
    "4-9": 1.5379835120230354e-07,
    "4-10": 1.8148205441871814e-08,
    "5-0": 0.0035735098769287257,
    "5-1": 0.004216741654775896,
    "5-2": 0.0024878775763177785,
    "5-3": 0.000978565180018326,
    "5-4": 0.0002886767281054062,
    "5-5": 6.812770783287587e-05,
    "5-6": 1.3398449207132252e-05,
    "5-7": 2.2585957234880084e-06,
    "5-8": 3.331428692144812e-07,
    "5-9": 4.3678731741454195e-08,
    "5-10": 5.154090345491595e-09,
    "6-0": 0.0008457306708731316,
    "6-1": 0.0009979621916302954,
    "6-2": 0.0005887976930618741,
    "6-3": 0.0002315937592710038,
    "6-4": 6.832015898494614e-05,
    "6-5": 1.6123557520447287e-05,
    "6-6": 3.1709663123546324e-06,
    "6-7": 5.345343212254952e-07,
    "6-8": 7.884381238076053e-08,
    "6-9": 1.0337299845477492e-08,
    "6-10": 1.219801381766344e-09,
    "7-0": 0.00017156250751997813,
    "7-1": 0.00020244375887357418,
    "7-2": 0.00011944181773540876,
    "7-3": 4.6980448309260775e-05,
    "7-4": 1.3859232251231929e-05,
    "7-5": 3.270778811290735e-06,
    "7-6": 6.432531662205111e-07,
    "7-7": 1.0843410516288617e-07,
    "7-8": 1.599403051152571e-08,
    "7-9": 2.0969951115111486e-09,
    "7-10": 2.474454231583155e-10,
    "8-0": 3.0452345084796116e-05,
    "8-1": 3.593376720005942e-05,
    "8-2": 2.1200922648035054e-05,
    "8-3": 8.339029574893788e-06,
    "8-4": 2.460013724593667e-06,
    "8-5": 5.805632390041054e-07,
    "8-6": 1.1417743700414072e-07,
    "8-7": 1.9247053666412297e-08,
    "8-8": 2.838940415795813e-09,
    "8-9": 3.7221663229322886e-10,
    "8-10": 4.3921562610601e-11,
    "9-0": 4.8047033356011645e-06,
    "9-1": 5.6695499360093745e-06,
    "9-2": 3.3450344622455303e-06,
    "9-3": 1.3157135551499084e-06,
    "9-4": 3.88135498769223e-07,
    "9-5": 9.159997770953663e-08,
    "9-6": 1.8014662282875534e-08,
    "9-7": 3.0367573562561615e-09,
    "9-8": 4.479217100477838e-10,
    "9-9": 5.872751309515387e-11,
    "9-10": 6.929846545228157e-12,
    "10-0": 6.822678736553654e-07,
    "10-1": 8.050760909133312e-07,
    "10-2": 4.749948936388654e-07,
    "10-3": 1.8683132483128703e-07,
    "10-4": 5.511524082522967e-08,
    "10-5": 1.3007196834754202e-08,
    "10-6": 2.558082044168326e-09,
    "10-7": 4.3121954458837505e-10,
    "10-8": 6.360488282678532e-11,
    "10-9": 8.339306859511851e-12,
    "10-10": 9.840382094223983e-13
  },
  "summary": {
    "p_home": 0.409084470644045,
    "p_draw": 0.29401144330902773,
    "p_away": 0.2969040860469272,
    "p_over": 0.48157022843705305,
    "p_under": 0.5184297715629469,
    "p_btts": 0.5414596271796492,
    "eg_home": 1.4199968470961117,
    "eg_away": 1.179999477036254,
    "eg_total": 2.599996324132366
  },
  "advance": {
    "home": 0.5717372213032434,
    "away": 0.42826277869675655
  }
}