{
  "match": "SF-102 England vs Argentina",
  "lambda_home": 1.24,
  "lambda_away": 1.12,
  "dc_rho": -0.15,
  "grid": {
    "0-0": 0.11408985748841338,
    "0-1": 0.08608103919080766,
    "0-2": 0.059220370942078986,
    "0-3": 0.022108938485042823,
    "0-4": 0.0061905027758119915,
    "0-5": 0.001386672621781886,
    "0-6": 0.0002588455560659521,
    "0-7": 4.141528897055234e-05,
    "0-8": 5.798140455877327e-06,
    "0-9": 7.21546367842512e-07,
    "0-10": 8.081319319836136e-08,
    "1-0": 0.0974114673047258,
    "1-1": 0.15080044457750824,
    "1-2": 0.07343325996817794,
    "1-3": 0.027415083721453102,
    "1-4": 0.007676223442006869,
    "1-5": 0.0017194740510095387,
    "1-6": 0.00032096848952178057,
    "1-7": 5.13549583234849e-05,
    "1-8": 7.189694165287885e-06,
    "1-9": 8.947174961247148e-07,
    "1-10": 1.0020835956596808e-07,
    "2-0": 0.07259027611650241,
    "2-1": 0.08130110925048271,
    "2-2": 0.045528621180270325,
    "2-3": 0.016997351907300926,
    "2-4": 0.004759258534044259,
    "2-5": 0.0010660739116259141,
    "2-6": 0.00019900046350350396,
    "2-7": 3.1840074160560634e-05,
    "2-8": 4.45761038247849e-06,
    "2-9": 5.547248475973233e-07,
    "2-10": 6.21291829309002e-08,
    "3-0": 0.030003980794820997,
    "3-1": 0.03360445849019952,
    "3-2": 0.01881849675451173,
    "3-3": 0.00702557212168438,
    "3-4": 0.0019671601940716267,
    "3-5": 0.0004406438834720444,
    "3-6": 8.225352491478162e-05,
    "3-7": 1.3160563986365062e-05,
    "3-8": 1.8424789580911086e-06,
    "3-9": 2.2928627034022688e-07,
    "3-10": 2.5680062278105413e-08,
    "4-0": 0.00930123404639451,
    "4-1": 0.01041738213196185,
    "4-2": 0.005833733993898637,
    "4-3": 0.0021779273577221584,
    "4-4": 0.0006098196601622043,
    "4-5": 0.00013659960387633378,
    "4-6": 2.5498592723582305e-05,
    "4-7": 4.079774835773169e-06,
    "4-8": 5.711684770082438e-07,
    "4-9": 7.107874380547034e-08,
    "4-10": 7.960819306212679e-09,
    "5-0": 0.0023067060435058378,
    "5-1": 0.002583510768726539,
    "5-2": 0.0014467660304868619,
    "5-3": 0.0005401259847150952,
    "5-4": 0.00015123527572022665,
    "5-5": 3.3876701761330773e-05,
    "5-6": 6.323650995448411e-06,
    "5-7": 1.011784159271746e-06,
    "5-8": 1.4164978229804446e-07,
    "5-9": 1.7627528463756646e-08,
    "5-10": 1.9742831879407445e-09,
    "6-0": 0.0004767192489912066,
    "6-1": 0.0005339255588701514,
    "6-2": 0.0002989983129672848,
    "6-3": 0.00011162603684111969,
    "6-4": 3.1255290315513516e-05,
    "6-5": 7.001185030675028e-06,
    "6-6": 1.3068878723926718e-06,
    "6-7": 2.0910205958282753e-07,
    "6-8": 2.9274288341595855e-08,
    "6-9": 3.6430225491763735e-09,
    "6-10": 4.0801852550775386e-10,
    "7-0": 8.444740982129947e-05,
    "7-1": 9.45810989998554e-05,
    "7-2": 5.296541543991903e-05,
    "7-3": 1.9773755097569773e-05,
    "7-4": 5.536651427319537e-06,
    "7-5": 1.2402099197195766e-06,
    "7-6": 2.315058516809876e-07,
    "7-7": 3.704093626895802e-08,
    "7-8": 5.185731077654123e-09,
    "7-9": 6.453354229969576e-10,
    "7-10": 7.227756737565927e-11,
    "8-0": 1.3089348522301415e-05,
    "8-1": 1.4660070344977587e-05,
    "8-2": 8.20963939318745e-06,
    "8-3": 3.064932040123315e-06,
    "8-4": 8.581809712345283e-07,
    "8-5": 1.9223253755653433e-07,
    "8-6": 3.588340701055307e-08,
    "8-7": 5.741345121688494e-09,
    "8-8": 8.03788317036389e-10,
    "8-9": 1.0002699056452843e-10,
    "8-10": 1.1203022943227185e-11,
    "9-0": 1.8034213519615279e-06,
    "9-1": 2.019831914196911e-06,
    "9-2": 1.1311058719502705e-06,
    "9-3": 4.222795255281011e-07,
    "9-4": 1.1823826714786831e-07,
    "9-5": 2.64853718411225e-08,
    "9-6": 4.943936077009534e-09,
    "9-7": 7.910297723215255e-10,
    "9-8": 1.1074416812501358e-10,
    "9-9": 1.378149647777947e-11,
    "9-10": 1.5435276055113007e-12,
    "10-0": 2.2362424764322948e-07,
    "10-1": 2.50459157360417e-07,
    "10-2": 1.4025712812183356e-07,
    "10-3": 5.2362661165484534e-08,
    "10-4": 1.466154512633567e-08,
    "10-5": 3.2841861082991904e-09,
    "10-6": 6.130480735491823e-10,
    "10-7": 9.808769176786918e-11,
    "10-8": 1.3732276847501685e-11,
    "10-9": 1.7089055632446543e-12,
    "10-10": 1.913974230834013e-13
  },
  "summary": {
    "p_home": 0.3702530406360248,
    "p_draw": 0.31808953647636967,
    "p_away": 0.3116574228876052,
    "p_over": 0.4198065443799632,
    "p_under": 0.5801934556200368,
    "p_btts": 0.49842580979212564,
    "eg_home": 1.2399991501341394,
    "eg_away": 1.1199996872297693,
    "eg_total": 2.359998837363909
  },
  "advance": {
    "home": 0.5221247712988735,
    "away": 0.47787522870112653
  }
}