{
  "match": "R32 科特迪瓦 vs 挪威",
  "lambda_home": 1.1,
  "lambda_away": 1.56,
  "dc_rho": -0.1,
  "grid": {
    "0-0": 0.08195140466433241,
    "0-1": 0.09711619173434545,
    "0-2": 0.08511306691324658,
    "0-3": 0.044258794794888215,
    "0-4": 0.017260929970006406,
    "0-5": 0.005385410150641999,
    "0-6": 0.0014002066391669195,
    "0-7": 0.0003120460510143421,
    "0-8": 6.084897994779672e-05,
    "0-9": 1.0547156524284764e-05,
    "0-10": 1.6453564177884235e-06,
    "1-0": 0.06493998300645801,
    "1-1": 0.13203437303208765,
    "1-2": 0.09362437360457124,
    "1-3": 0.04868467427437704,
    "1-4": 0.01898702296700705,
    "1-5": 0.005923951165706199,
    "1-6": 0.0015402273030836117,
    "1-7": 0.0003432506561157763,
    "1-8": 6.693387794257639e-05,
    "1-9": 1.160187217671324e-05,
    "1-10": 1.809892059567266e-06,
    "2-0": 0.04231870930515629,
    "2-1": 0.06601718651604382,
    "2-2": 0.05149340548251419,
    "2-3": 0.02677657085090738,
    "2-4": 0.010442862631853877,
    "2-5": 0.0032581731411384096,
    "2-6": 0.0008471250166959865,
    "2-7": 0.00018878786086367702,
    "2-8": 3.681363286841702e-05,
    "2-9": 6.3810296971922824e-06,
    "2-10": 9.954406327619964e-07,
    "3-0": 0.01551686007855731,
    "3-1": 0.024206301722549405,
    "3-2": 0.018880915343588538,
    "3-3": 0.009818075978666038,
    "3-4": 0.0038290496316797555,
    "3-5": 0.0011946634850840837,
    "3-6": 0.00031061250612186175,
    "3-7": 6.92222156500149e-05,
    "3-8": 1.3498332051752908e-05,
    "3-9": 2.3397108889705036e-06,
    "3-10": 3.649948986793987e-07,
    "4-0": 0.004267136521603261,
    "4-1": 0.006656732973701087,
    "4-2": 0.005192251719486848,
    "4-3": 0.0026999708941331606,
    "4-4": 0.0010529886487119326,
    "4-5": 0.00032853245839812304,
    "4-6": 8.541843918351199e-05,
    "4-7": 1.9036109303754103e-05,
    "4-8": 3.71204131423205e-06,
    "4-9": 6.434204944668887e-07,
    "4-10": 1.0037359713683466e-07,
    "5-0": 0.0009387700347527172,
    "5-1": 0.0014644812542142392,
    "5-2": 0.0011422953782871067,
    "5-3": 0.0005939935967092955,
    "5-4": 0.0002316575027166252,
    "5-5": 7.227714084758708e-05,
    "5-6": 1.879205662037264e-05,
    "5-7": 4.187944046825902e-06,
    "5-8": 8.166490891310511e-07,
    "5-9": 1.415525087827155e-07,
    "5-10": 2.2082191370103625e-08,
    "6-0": 0.0001721078397046649,
    "6-1": 0.00026848822993927725,
    "6-2": 0.00020942081935263626,
    "6-3": 0.00010889882606337086,
    "6-4": 4.247054216471464e-05,
    "6-5": 1.3250809155390967e-05,
    "6-6": 3.4452103804016508e-06,
    "6-7": 7.677897419180823e-07,
    "6-8": 1.4971899967402606e-07,
    "6-9": 2.5951293276831182e-08,
    "6-10": 4.048401751185666e-09,
    "7-0": 2.704551766787591e-05,
    "7-1": 4.219100756188642e-05,
    "7-2": 3.290898589827141e-05,
    "7-3": 1.7112672667101136e-05,
    "7-4": 6.6739423401694435e-06,
    "7-5": 2.0822700101328662e-06,
    "7-6": 5.413902026345453e-07,
    "7-7": 1.2065267372998437e-07,
    "7-8": 2.352727137734695e-08,
    "7-9": 4.078060372073471e-09,
    "7-10": 6.361774180434617e-10,
    "8-0": 3.718758679332938e-06,
    "8-1": 5.801263539759384e-06,
    "8-2": 4.5249855610123204e-06,
    "8-3": 2.3529924917264063e-06,
    "8-4": 9.176670717732985e-07,
    "8-5": 2.863121263932691e-07,
    "8-6": 7.444115286224998e-08,
    "8-7": 1.6589742637872854e-08,
    "8-8": 3.2349998143852065e-09,
    "8-9": 5.607333011601024e-10,
    "8-10": 8.7474394980976e-11,
    "9-0": 4.545149496962481e-07,
    "9-1": 7.09043321526147e-07,
    "9-2": 5.530537907903947e-07,
    "9-3": 2.875879712110052e-07,
    "9-4": 1.1215930877229205e-07,
    "9-5": 3.499370433695512e-08,
    "9-6": 9.09836312760833e-09,
    "9-7": 2.027635211295571e-09,
    "9-8": 3.953888662026364e-10,
    "9-9": 6.853407014179029e-11,
    "9-10": 1.069131494211929e-11,
    "10-0": 4.9996644466587285e-08,
    "10-1": 7.799476536787618e-08,
    "10-2": 6.083591698694342e-08,
    "10-3": 3.1634676833210575e-08,
    "10-4": 1.2337523964952126e-08,
    "10-5": 3.849307477065063e-09,
    "10-6": 1.0008199440369162e-09,
    "10-7": 2.2303987324251282e-10,
    "10-8": 4.349277528229e-11,
    "10-9": 7.538747715596931e-12,
    "10-10": 1.176044643633122e-12
  },
  "summary": {
    "p_home": 0.2560305325092112,
    "p_draw": 0.2764260941149239,
    "p_away": 0.46754337337586493,
    "p_over": 0.4965262713443736,
    "p_under": 0.5034737286556263,
    "p_btts": 0.5389440720152942,
    "eg_home": 1.0999997382826072,
    "eg_away": 1.559992289039,
    "eg_total": 2.659992027321607
  },
  "advance": {
    "home": 0.37263442228793753,
    "away": 0.6273655777120625
  }
}