{
  "match": "巴拉圭 vs 法国",
  "lambda_home": 0.5,
  "lambda_away": 2.48,
  "dc_rho": 0.02,
  "grid": {
    "0-0": 0.049536016921014614,
    "0-1": 0.12723319850672418,
    "0-2": 0.1562070951963742,
    "0-3": 0.12913119869566936,
    "0-4": 0.080061343191315,
    "0-5": 0.03971042622289224,
    "0-6": 0.016413642838795463,
    "0-7": 0.005815119177173249,
    "0-8": 0.001802686944923707,
    "0-9": 0.0004967404026011992,
    "0-10": 0.00012319161984509743,
    "1-0": 0.026657610418527967,
    "1-1": 0.06172699729534143,
    "1-2": 0.0781035475981871,
    "1-3": 0.06456559934783468,
    "1-4": 0.0400306715956575,
    "1-5": 0.01985521311144612,
    "1-6": 0.008206821419397731,
    "1-7": 0.0029075595885866244,
    "1-8": 0.0009013434724618535,
    "1-9": 0.0002483702013005996,
    "1-10": 6.159580992254871e-05,
    "2-0": 0.006349468944961882,
    "2-1": 0.01574668298350547,
    "2-2": 0.019525886899546777,
    "2-3": 0.01614139983695867,
    "2-4": 0.010007667898914375,
    "2-5": 0.00496380327786153,
    "2-6": 0.002051705354849433,
    "2-7": 0.0007268898971466561,
    "2-8": 0.00022533586811546337,
    "2-9": 6.20925503251499e-05,
    "2-10": 1.539895248063718e-05,
    "3-0": 0.0010582448241603136,
    "3-1": 0.002624447163917578,
    "3-2": 0.0032543144832577965,
    "3-3": 0.0026902333061597787,
    "3-4": 0.0016679446498190625,
    "3-5": 0.0008273005463102551,
    "3-6": 0.0003419508924749055,
    "3-7": 0.00012114831619110935,
    "3-8": 3.75559780192439e-05,
    "3-9": 1.0348758387524985e-05,
    "3-10": 2.5664920801061963e-06,
    "4-0": 0.0001322806030200392,
    "4-1": 0.00032805589548969726,
    "4-2": 0.00040678931040722457,
    "4-3": 0.00033627916326997234,
    "4-4": 0.0002084930812273828,
    "4-5": 0.00010341256828878188,
    "4-6": 4.2743861559363187e-05,
    "4-7": 1.5143539523888668e-05,
    "4-8": 4.694497252405488e-06,
    "4-9": 1.2935947984406231e-06,
    "4-10": 3.2081151001327454e-07,
    "5-0": 1.322806030200392e-05,
    "5-1": 3.2805589548969724e-05,
    "5-2": 4.067893104072246e-05,
    "5-3": 3.362791632699723e-05,
    "5-4": 2.084930812273828e-05,
    "5-5": 1.0341256828878187e-05,
    "5-6": 4.274386155936319e-06,
    "5-7": 1.5143539523888668e-06,
    "5-8": 4.6944972524054875e-07,
    "5-9": 1.293594798440623e-07,
    "5-10": 3.208115100132746e-08,
    "6-0": 1.1023383585003267e-06,
    "6-1": 2.73379912908081e-06,
    "6-2": 3.3899109200602047e-06,
    "6-3": 2.8023263605831027e-06,
    "6-4": 1.7374423435615234e-06,
    "6-5": 8.617714024065155e-07,
    "6-6": 3.561988463280265e-07,
    "6-7": 1.2619616269907223e-07,
    "6-8": 3.912081043671239e-08,
    "6-9": 1.0779956653671858e-08,
    "6-10": 2.673429250110621e-09,
    "7-0": 7.873845417859476e-08,
    "7-1": 1.95271366362915e-07,
    "7-2": 2.421364942900146e-07,
    "7-3": 2.0016616861307876e-07,
    "7-4": 1.2410302454010883e-07,
    "7-5": 6.155510017189396e-08,
    "7-6": 2.544277473771618e-08,
    "7-7": 9.014011621362303e-09,
    "7-8": 2.7943436026223135e-09,
    "7-9": 7.699969038337042e-10,
    "7-10": 1.9095923215075863e-10,
    "8-0": 4.9211533861621724e-09,
    "8-1": 1.2204460397682188e-08,
    "8-2": 1.5133530893125913e-08,
    "8-3": 1.2510385538317423e-08,
    "8-4": 7.756439033756802e-09,
    "8-5": 3.847193760743372e-09,
    "8-6": 1.5901734211072613e-09,
    "8-7": 5.633757263351439e-10,
    "8-8": 1.746464751638946e-10,
    "8-9": 4.812480648960651e-11,
    "8-10": 1.1934952009422414e-11,
    "9-0": 2.733974103423429e-10,
    "9-1": 6.780255776490105e-10,
    "9-2": 8.407517162847729e-10,
    "9-3": 6.950214187954124e-10,
    "9-4": 4.3091327965315556e-10,
    "9-5": 2.1373298670796515e-10,
    "9-6": 8.834296783929228e-11,
    "9-7": 3.129865146306355e-11,
    "9-8": 9.7025819535497e-12,
    "9-9": 2.6736003605336948e-12,
    "9-10": 6.630528894123564e-13,
    "10-0": 1.3669870517117147e-11,
    "10-1": 3.390127888245053e-11,
    "10-2": 4.203758581423865e-11,
    "10-3": 3.475107093977062e-11,
    "10-4": 2.154566398265778e-11,
    "10-5": 1.068664933539826e-11,
    "10-6": 4.417148391964615e-12,
    "10-7": 1.5649325731531775e-12,
    "10-8": 4.851290976774851e-13,
    "10-9": 1.3368001802668475e-13,
    "10-10": 3.315264447061782e-14
  },
  "summary": {
    "p_home": 0.0570489805488482,
    "p_draw": 0.13369833415033003,
    "p_away": 0.8092526853008215,
    "p_over": 0.5722896127170559,
    "p_under": 0.4277103872829441,
    "p_btts": 0.3592573211466656,
    "eg_home": 0.49999999991838695,
    "eg_away": 2.4794962905628544,
    "eg_total": 2.9794962904812414
  },
  "advance": {
    "home": 0.08814230838473736,
    "away": 0.9118576916152626
  }
}