{
  "match": "瑞士 vs 哥伦比亚 (R16 096)",
  "lambda_home": 1.04,
  "lambda_away": 1.32,
  "dc_rho": -0.11,
  "grid": {
    "0-0": 0.10867845118581514,
    "0-1": 0.11037650477547367,
    "0-2": 0.0822589127730495,
    "0-3": 0.03619392162014179,
    "0-4": 0.011943994134646788,
    "0-5": 0.0031532144515467532,
    "0-6": 0.0006937071793402856,
    "0-7": 0.00013081335381845386,
    "0-8": 2.1584203380044887e-05,
    "0-9": 3.1656831624065836e-06,
    "0-10": 4.17870177437669e-07,
    "1-0": 0.08393883767669745,
    "1-1": 0.14387831652304295,
    "1-2": 0.08554926928397148,
    "1-3": 0.03764167848494745,
    "1-4": 0.01242175390003266,
    "1-5": 0.003279343029608623,
    "1-6": 0.000721455466513897,
    "1-7": 0.000136045887971192,
    "1-8": 2.2447571515246685e-05,
    "1-9": 3.292310488902847e-06,
    "1-10": 4.3458498453517574e-07,
    "2-0": 0.051062465596493536,
    "2-1": 0.06740245458737147,
    "2-2": 0.04448562002766517,
    "2-3": 0.019573672812172677,
    "2-4": 0.006459312028016985,
    "2-5": 0.001705258375396484,
    "2-6": 0.00037515684258722647,
    "2-7": 7.074386174501986e-05,
    "2-8": 1.1672737187928277e-05,
    "2-9": 1.7120014542294806e-06,
    "2-10": 2.259841919582914e-07,
    "3-0": 0.01770165474011776,
    "3-1": 0.02336618425695544,
    "3-2": 0.015421681609590593,
    "3-3": 0.006785539908219861,
    "3-4": 0.002239228169712554,
    "3-5": 0.0005911562368041144,
    "3-6": 0.00013005437209690515,
    "3-7": 2.4524538738273547e-05,
    "3-8": 4.046548891815135e-06,
    "3-9": 5.9349383746622e-07,
    "3-10": 7.834118654554102e-08,
    "4-0": 0.0046024302324306175,
    "4-1": 0.006075207906808416,
    "4-2": 0.004009637218493555,
    "4-3": 0.001764240376137164,
    "4-4": 0.0005821993241252642,
    "4-5": 0.00015370062156906978,
    "4-6": 3.3814136745195345e-05,
    "4-7": 6.376380071951123e-06,
    "4-8": 1.0521027118719353e-06,
    "4-9": 1.543083977412172e-07,
    "4-10": 2.0368708501840665e-08,
    "5-0": 0.0009573054883455685,
    "5-1": 0.0012636432446161505,
    "5-2": 0.0008340045414466594,
    "5-3": 0.0003669619982365301,
    "5-4": 0.00012109745941805496,
    "5-5": 3.196972928636652e-05,
    "5-6": 7.033340443000632e-06,
    "5-7": 1.3262870549658335e-06,
    "5-8": 2.1883736406936256e-07,
    "5-9": 3.209614673017318e-08,
    "5-10": 4.236691368382859e-09,
    "6-0": 0.00016593295131323187,
    "6-1": 0.0002190314957334661,
    "6-2": 0.00014456078718408762,
    "6-3": 6.360674636099856e-05,
    "6-4": 2.0990226299129528e-05,
    "6-5": 5.541419742970196e-06,
    "6-6": 1.219112343453443e-06,
    "6-7": 2.2988975619407784e-07,
    "6-8": 3.7931809772022847e-08,
    "6-9": 5.563332099896685e-09,
    "6-10": 7.343598371863623e-10,
    "7-0": 2.4652895623680163e-05,
    "7-1": 3.2541822223257815e-05,
    "7-2": 2.1477602667350162e-05,
    "7-3": 9.450145173634071e-06,
    "7-4": 3.1185479072992437e-06,
    "7-5": 8.232966475270004e-07,
    "7-6": 1.811252624559401e-07,
    "7-7": 3.4155049491691564e-08,
    "7-8": 5.635583166129108e-09,
    "7-9": 8.265521976989359e-10,
    "7-10": 1.0910489009625953e-10,
    "8-0": 3.2048764310784214e-06,
    "8-1": 4.230436889023517e-06,
    "8-2": 2.792088346755521e-06,
    "8-3": 1.2285188725724293e-06,
    "8-4": 4.054112279489017e-07,
    "8-5": 1.0702856417851007e-07,
    "8-6": 2.3546284119272214e-08,
    "8-7": 4.440156433919904e-09,
    "8-8": 7.326258115967841e-10,
    "8-9": 1.0745178570086167e-10,
    "8-10": 1.4183635712513738e-11,
    "9-0": 3.703412764801732e-07,
    "9-1": 4.888504849538286e-07,
    "9-2": 3.226413200695269e-07,
    "9-3": 1.4196218083059185e-07,
    "9-4": 4.6847519674095315e-08,
    "9-5": 1.2367745193961166e-08,
    "9-6": 2.720903942671456e-09,
    "9-7": 5.130847434751889e-10,
    "9-8": 8.465898267340617e-11,
    "9-9": 1.2416650792099573e-11,
    "9-10": 1.6389979045571434e-12,
    "10-0": 3.851549275393801e-08,
    "10-1": 5.084045043519817e-08,
    "10-2": 3.3554697287230796e-08,
    "10-3": 1.476406680638155e-08,
    "10-4": 4.872142046105912e-09,
    "10-5": 1.286245500171961e-09,
    "10-6": 2.829740100378314e-10,
    "10-7": 5.336081332141964e-11,
    "10-8": 8.80453419803424e-12,
    "10-9": 1.2913316823783554e-12,
    "10-10": 1.7045578207394288e-13
  },
  "summary": {
    "p_home": 0.2796132428507707,
    "p_draw": 0.3044433507107606,
    "p_away": 0.4159434064384683,
    "p_over": 0.4198065114694272,
    "p_under": 0.5801934885305728,
    "p_btts": 0.48808841945522513,
    "eg_home": 1.0399998500531153,
    "eg_away": 1.3199984394360746,
    "eg_total": 2.35999828948919
  },
  "advance": {
    "home": 0.4215845710217211,
    "away": 0.5784154289782789
  }
}