{
  "match": "哥伦比亚 vs 加纳",
  "lambda_home": 1.64,
  "lambda_away": 0.8,
  "dc_rho": -0.11,
  "grid": {
    "0-0": 0.09974003500113816,
    "0-1": 0.05714970126323605,
    "0-2": 0.027891508669222083,
    "0-3": 0.00743773564512589,
    "0-4": 0.0014875471290251778,
    "0-5": 0.00023800754064402847,
    "0-6": 3.1734338752537134e-05,
    "0-7": 3.6267815717185295e-06,
    "0-8": 3.626781571718531e-07,
    "0-9": 3.223805841527582e-08,
    "0-10": 2.579044673222066e-09,
    "1-0": 0.13036491151994398,
    "1-1": 0.12693425595362967,
    "1-2": 0.04574207421752421,
    "1-3": 0.012197886458006459,
    "1-4": 0.0024395772916012914,
    "1-5": 0.00039033236665620666,
    "1-6": 5.20443155541609e-05,
    "1-7": 5.947921777618388e-06,
    "1-8": 5.947921777618389e-07,
    "1-9": 5.287041580105234e-08,
    "1-10": 4.229633264084188e-09,
    "2-0": 0.11721406518240578,
    "2-1": 0.09377125214592462,
    "2-2": 0.037508500858369855,
    "2-3": 0.010002266895565295,
    "2-4": 0.0020004533791130588,
    "2-5": 0.00032007254065808945,
    "2-6": 4.2676338754411935e-05,
    "2-7": 4.877295857647078e-06,
    "2-8": 4.877295857647079e-07,
    "2-9": 4.3353740956862914e-08,
    "2-10": 3.4682992765490337e-09,
    "3-0": 0.06407702229971515,
    "3-1": 0.05126161783977213,
    "3-2": 0.02050464713590885,
    "3-3": 0.005467905902909028,
    "3-4": 0.0010935811805818055,
    "3-5": 0.0001749729888930889,
    "3-6": 2.3329731852411857e-05,
    "3-7": 2.6662550688470692e-06,
    "3-8": 2.66625506884707e-07,
    "3-9": 2.3700045056418395e-08,
    "3-10": 1.8960036045134717e-09,
    "4-0": 0.026271579142883212,
    "4-1": 0.021017263314306568,
    "4-2": 0.008406905325722629,
    "4-3": 0.0022418414201927014,
    "4-4": 0.0004483682840385402,
    "4-5": 7.173892544616645e-05,
    "4-6": 9.56519005948886e-06,
    "4-7": 1.0931645782272983e-06,
    "4-8": 1.0931645782272985e-07,
    "4-9": 9.71701847313154e-09,
    "4-10": 7.773614778505234e-10,
    "5-0": 0.00861707795886569,
    "5-1": 0.006893662367092553,
    "5-2": 0.002757464946837022,
    "5-3": 0.0007353239858232059,
    "5-4": 0.00014706479716464118,
    "5-5": 2.3530367546342587e-05,
    "5-6": 3.137382339512346e-06,
    "5-7": 3.5855798165855375e-07,
    "5-8": 3.585579816585538e-08,
    "5-9": 3.1871820591871447e-09,
    "5-10": 2.549745647349716e-10,
    "6-0": 0.002355334642089956,
    "6-1": 0.0018842677136719646,
    "6-2": 0.0007537070854687859,
    "6-3": 0.00020098855612500963,
    "6-4": 4.019771122500192e-05,
    "6-5": 6.431633796000307e-06,
    "6-6": 8.575511728000412e-07,
    "6-7": 9.800584832000471e-08,
    "6-8": 9.800584832000471e-09,
    "6-9": 8.711630961778196e-10,
    "6-10": 6.969304769422557e-11,
    "7-0": 0.0005518212590039324,
    "7-1": 0.000441457007203146,
    "7-2": 0.0001765828028812584,
    "7-3": 4.708874743500225e-05,
    "7-4": 9.417749487000448e-06,
    "7-5": 1.5068399179200717e-06,
    "7-6": 2.009119890560096e-07,
    "7-7": 2.296137017782967e-08,
    "7-8": 2.2961370177829672e-09,
    "7-9": 2.0410106824737484e-10,
    "7-10": 1.632808545978999e-11,
    "8-0": 0.00011312335809580614,
    "8-1": 9.049868647664491e-05,
    "8-2": 3.619947459065797e-05,
    "8-3": 9.65319322417546e-06,
    "8-4": 1.9306386448350917e-06,
    "8-5": 3.089021831736147e-07,
    "8-6": 4.118695775648197e-08,
    "8-7": 4.707080886455082e-09,
    "8-8": 4.707080886455083e-10,
    "8-9": 4.184071899071184e-11,
    "8-10": 3.347257519256948e-12,
    "9-0": 2.0613589697458006e-05,
    "9-1": 1.649087175796641e-05,
    "9-2": 6.596348703186564e-06,
    "9-3": 1.7590263208497506e-06,
    "9-4": 3.5180526416995006e-07,
    "9-5": 5.6288842267192015e-08,
    "9-6": 7.505178968958937e-09,
    "9-7": 8.577347393095928e-10,
    "9-8": 8.577347393095929e-11,
    "9-9": 7.624308793863046e-12,
    "9-10": 6.099447035090438e-13,
    "10-0": 3.3806287103831135e-06,
    "10-1": 2.7045029683064907e-06,
    "10-2": 1.0818011873225964e-06,
    "10-3": 2.8848031661935915e-07,
    "10-4": 5.769606332387181e-08,
    "10-5": 9.23137013181949e-09,
    "10-6": 1.2308493509092656e-09,
    "10-7": 1.406684972467732e-10,
    "10-8": 1.4066849724677325e-11,
    "10-9": 1.2503866421935397e-12,
    "10-10": 1.0003093137548318e-13
  },
  "summary": {
    "p_home": 0.5610558622968305,
    "p_draw": 0.270123477358607,
    "p_away": 0.16882066034456175,
    "p_over": 0.4407055224104237,
    "p_under": 0.5592944775895763,
    "p_btts": 0.45643077655461206,
    "eg_home": 1.6399876610868158,
    "eg_away": 0.7999999893636836,
    "eg_total": 2.439987650450499
  },
  "advance": {
    "home": 0.7299246054331676,
    "away": 0.2700753945668324
  }
}