{
  "match": "R16 巴西 vs 挪威(周日091)",
  "lambda_home": 1.8,
  "lambda_away": 1.04,
  "dc_rho": -0.13,
  "grid": {
    "0-0": 0.0726443640554663,
    "0-1": 0.04654436863108566,
    "0-2": 0.0315966993318075,
    "0-3": 0.0109535224350266,
    "0-4": 0.0028479158331069163,
    "0-5": 0.0005923664932862386,
    "0-6": 0.00010267685883628137,
    "0-7": 1.525484759853323e-05,
    "0-8": 1.98313018780932e-06,
    "0-9": 2.2916171059129923e-07,
    "0-10": 2.3832817901495118e-08,
    "1-0": 0.0909480141417619,
    "1-1": 0.12359170469403165,
    "1-2": 0.056874058797253504,
    "1-3": 0.01971634038304788,
    "1-4": 0.00512624849959245,
    "1-5": 0.0010662596879152297,
    "1-6": 0.0001848183459053065,
    "1-7": 2.7458725677359817e-05,
    "1-8": 3.569634338056776e-06,
    "1-9": 4.1249107906433867e-07,
    "1-10": 4.289907222269122e-08,
    "2-0": 0.09464987595696774,
    "2-1": 0.09843587099524644,
    "2-2": 0.05118665291752816,
    "2-3": 0.01774470634474309,
    "2-4": 0.004613623649633205,
    "2-5": 0.0009596337191237065,
    "2-6": 0.00016633651131477584,
    "2-7": 2.4712853109623837e-05,
    "2-8": 3.2126709042510988e-06,
    "2-9": 3.712419711579048e-07,
    "2-10": 3.8609165000422095e-08,
    "3-0": 0.056789925574180646,
    "3-1": 0.05906152259714787,
    "3-2": 0.030711991750516893,
    "3-3": 0.010646823806845855,
    "3-4": 0.0027681741897799227,
    "3-5": 0.0005757802314742239,
    "3-6": 9.98019067888655e-05,
    "3-7": 1.4827711865774302e-05,
    "3-8": 1.927602542550659e-06,
    "3-9": 2.2274518269474288e-07,
    "3-10": 2.316549900025326e-08,
    "4-0": 0.025555466508381284,
    "4-1": 0.026577685168716534,
    "4-2": 0.013820396287732599,
    "4-3": 0.004791070713080634,
    "4-4": 0.001245678385400965,
    "4-5": 0.00025910110416340075,
    "4-6": 4.491085805498947e-05,
    "4-7": 6.672470339598434e-06,
    "4-8": 8.674211441477964e-07,
    "4-9": 1.0023533221263426e-07,
    "4-10": 1.0424474550113962e-08,
    "5-0": 0.009199967943017265,
    "5-1": 0.009567966660737955,
    "5-2": 0.004975342663583737,
    "5-3": 0.0017247854567090288,
    "5-4": 0.00044844421874434755,
    "5-5": 9.327639749882428e-05,
    "5-6": 1.6167908899796212e-05,
    "5-7": 2.402089322255437e-06,
    "5-8": 3.122716118932068e-07,
    "5-9": 3.6084719596548346e-08,
    "5-10": 3.752810838041028e-09,
    "6-0": 0.0027599903829051793,
    "6-1": 0.0028703899982213863,
    "6-2": 0.0014926027990751212,
    "6-3": 0.0005174356370127086,
    "6-4": 0.00013453326562330424,
    "6-5": 2.7982919249647286e-05,
    "6-6": 4.850372669938863e-06,
    "6-7": 7.206267966766311e-07,
    "6-8": 9.368148356796203e-08,
    "6-9": 1.0825415878964504e-08,
    "6-10": 1.1258432514123082e-09,
    "7-0": 0.0007097118127470462,
    "7-1": 0.000738100285256928,
    "7-2": 0.0003838121483336026,
    "7-3": 0.00013305487808898224,
    "7-4": 3.459426830313538e-05,
    "7-5": 7.19560780705216e-06,
    "7-6": 1.2472386865557077e-06,
    "7-7": 1.8530403343113373e-07,
    "7-8": 2.4089524346047383e-08,
    "7-9": 2.783678368876587e-09,
    "7-10": 2.89502550363165e-10,
    "8-0": 0.0001596851578680854,
    "8-1": 0.0001660725641828088,
    "8-2": 8.635773337506059e-05,
    "8-3": 2.9937347570021004e-05,
    "8-4": 7.783710368205461e-06,
    "8-5": 1.6190117565867359e-06,
    "8-6": 2.8062870447503424e-07,
    "8-7": 4.1693407522005086e-08,
    "8-8": 5.4201429778606614e-09,
    "8-9": 6.26327632997232e-10,
    "8-10": 6.513807383171213e-11,
    "9-0": 3.1937031573617076e-05,
    "9-1": 3.321451283656176e-05,
    "9-2": 1.7271546675012117e-05,
    "9-3": 5.9874695140042004e-06,
    "9-4": 1.5567420736410922e-06,
    "9-5": 3.2380235131734717e-07,
    "9-6": 5.6125740895006854e-08,
    "9-7": 8.338681504401017e-09,
    "9-8": 1.0840285955721322e-09,
    "9-9": 1.2526552659944643e-10,
    "9-10": 1.3027614766342425e-11,
    "10-0": 5.748665683251074e-06,
    "10-1": 5.978612310581117e-06,
    "10-2": 3.108878401502181e-06,
    "10-3": 1.077744512520756e-06,
    "10-4": 2.802135732553966e-07,
    "10-5": 5.828442323712249e-08,
    "10-6": 1.0102633361101233e-08,
    "10-7": 1.5009626707921833e-09,
    "10-8": 1.9512514720298381e-10,
    "10-9": 2.2547794787900353e-11,
    "10-10": 2.344970657941637e-12
  },
  "summary": {
    "p_home": 0.5376273765987168,
    "p_draw": 0.25941354148122864,
    "p_away": 0.20295908192005424,
    "p_over": 0.5400249731888792,
    "p_under": 0.4599750268111208,
    "p_btts": 0.5538902722139832,
    "eg_home": 1.7999707243994643,
    "eg_away": 1.0399998500531147,
    "eg_total": 2.839970574452579
  },
  "advance": {
    "home": 0.6995658933368092,
    "away": 0.3004341066631908
  }
}