{
  "match": "QF-99 Norway vs England (odds-open recheck)",
  "lambda_home": 1.04,
  "lambda_away": 1.6,
  "dc_rho": -0.07,
  "grid": {
    "0-0": 0.07967351308078226,
    "0-1": 0.1058659806943269,
    "0-2": 0.09134252001236144,
    "0-3": 0.04871601067325944,
    "0-4": 0.019486404269303773,
    "0-5": 0.006235649366177209,
    "0-6": 0.001662839830980589,
    "0-7": 0.000380077675652706,
    "0-8": 7.601553513054122e-05,
    "0-9": 1.3513872912096217e-05,
    "0-10": 2.162219665935395e-06,
    "1-0": 0.06590362818891876,
    "1-1": 0.12705744533719474,
    "1-2": 0.0949962208128559,
    "1-3": 0.05066465110018982,
    "1-4": 0.020265860440075924,
    "1-5": 0.006485075340824297,
    "1-6": 0.0017293534242198126,
    "1-7": 0.00039528078267881425,
    "1-8": 7.905615653576286e-05,
    "1-9": 1.4054427828580066e-05,
    "1-10": 2.248708452572811e-06,
    "2-0": 0.038592214705222706,
    "2-1": 0.06174754352835633,
    "2-2": 0.04939803482268507,
    "2-3": 0.02634561857209871,
    "2-4": 0.01053824742883948,
    "2-5": 0.0033722391772286345,
    "2-6": 0.0008992637805943026,
    "2-7": 0.00020554600699298342,
    "2-8": 4.1109201398596695e-05,
    "2-9": 7.308302470861636e-06,
    "2-10": 1.1693283953378617e-06,
    "3-0": 0.013378634431143871,
    "3-1": 0.021405815089830194,
    "3-2": 0.01712465207186416,
    "3-3": 0.009133147771660886,
    "3-4": 0.0036532591086643534,
    "3-5": 0.0011690429147725933,
    "3-6": 0.00031174477727269155,
    "3-7": 7.125594909090092e-05,
    "3-8": 1.4251189818180186e-05,
    "3-9": 2.5335448565653666e-06,
    "3-10": 4.0536717705045867e-07,
    "4-0": 0.003478444952097407,
    "4-1": 0.0055655119233558505,
    "4-2": 0.004452409538684682,
    "4-3": 0.0023746184206318304,
    "4-4": 0.000949847368252732,
    "4-5": 0.00030395115784087427,
    "4-6": 8.10536420908998e-05,
    "4-7": 1.852654676363424e-05,
    "4-8": 3.7053093527268487e-06,
    "4-9": 6.587216627069954e-07,
    "4-10": 1.0539546603311927e-07,
    "5-0": 0.0007235165500362606,
    "5-1": 0.001157626480058017,
    "5-2": 0.0009261011840464139,
    "5-3": 0.0004939206314914207,
    "5-4": 0.00019756825259656824,
    "5-5": 6.322184083090185e-05,
    "5-6": 1.685915755490716e-05,
    "5-7": 3.853521726835922e-06,
    "5-8": 7.707043453671845e-07,
    "5-9": 1.3701410584305506e-07,
    "5-10": 2.1922256934888808e-08,
    "6-0": 0.00012540953533961852,
    "6-1": 0.00020065525654338964,
    "6-2": 0.00016052420523471174,
    "6-3": 8.561290945851293e-05,
    "6-4": 3.424516378340516e-05,
    "6-5": 1.0958452410689656e-05,
    "6-6": 2.922253976183908e-06,
    "6-7": 6.679437659848932e-07,
    "6-8": 1.3358875319697867e-07,
    "6-9": 2.3749111679462876e-08,
    "6-10": 3.799857868714061e-09,
    "7-0": 1.863227382188618e-05,
    "7-1": 2.9811638115017887e-05,
    "7-2": 2.3849310492014313e-05,
    "7-3": 1.2719632262407634e-05,
    "7-4": 5.087852904963053e-06,
    "7-5": 1.6281129295881773e-06,
    "7-6": 4.341634478901806e-07,
    "7-7": 9.923735951775556e-08,
    "7-8": 1.9847471903551115e-08,
    "7-9": 3.5284394495201985e-09,
    "7-10": 5.645503119232319e-10,
    "8-0": 2.4221955968452033e-06,
    "8-1": 3.875512954952326e-06,
    "8-2": 3.1004103639618605e-06,
    "8-3": 1.6535521941129924e-06,
    "8-4": 6.614208776451969e-07,
    "8-5": 2.1165468084646303e-07,
    "8-6": 5.6441248225723476e-08,
    "8-7": 1.2900856737308223e-08,
    "8-8": 2.580171347461645e-09,
    "8-9": 4.586971284376258e-10,
    "8-10": 7.339154055002014e-11,
    "9-0": 2.7989815785766797e-07,
    "9-1": 4.478370525722687e-07,
    "9-2": 3.582696420578151e-07,
    "9-3": 1.9107714243083473e-07,
    "9-4": 7.643085697233388e-08,
    "9-5": 2.4457874231146843e-08,
    "9-6": 6.522099794972492e-09,
    "9-7": 1.4907656674222837e-09,
    "9-8": 2.9815313348445685e-10,
    "9-9": 5.300500150834789e-11,
    "9-10": 8.480800241335662e-12,
    "10-0": 2.9109408417197466e-08,
    "10-1": 4.657505346751594e-08,
    "10-2": 3.726004277401277e-08,
    "10-3": 1.987202281280681e-08,
    "10-4": 7.948809125122722e-09,
    "10-5": 2.5436189200392713e-09,
    "10-6": 6.782983786771391e-10,
    "10-7": 1.550396294119175e-10,
    "10-8": 3.100792588238351e-11,
    "10-9": 5.512520156868179e-12,
    "10-10": 8.820032250989087e-13
  },
  "summary": {
    "p_home": 0.23824529900441063,
    "p_draw": 0.26627823434680065,
    "p_away": 0.4954764666487898,
    "p_over": 0.49156469798119423,
    "p_under": 0.5084353020188057,
    "p_btts": 0.5243221009297041,
    "eg_home": 1.0399998500531171,
    "eg_away": 1.5999902121782803,
    "eg_total": 2.6399900622313974
  },
  "advance": {
    "home": 0.3540322820198945,
    "away": 0.6459677179801055
  }
}