{
  "match": "R32-080 England vs DR Congo",
  "lambda_home": 2.24,
  "lambda_away": 0.56,
  "dc_rho": -0.1,
  "grid": {
    "0-0": 0.06843966964324823,
    "0-1": 0.02642623581903074,
    "0-2": 0.009535239728516245,
    "0-3": 0.0017799114159896992,
    "0-4": 0.0002491875982385579,
    "0-5": 2.790901100271849e-05,
    "0-6": 2.6048410269203928e-06,
    "0-7": 2.083872821536314e-07,
    "0-8": 1.4587109750754201e-08,
    "0-9": 9.076423844913726e-10,
    "0-10": 5.0827973531516864e-11,
    "1-0": 0.1285895186245619,
    "1-1": 0.08391010961094296,
    "1-2": 0.021358936991876392,
    "1-3": 0.003987001571816927,
    "1-4": 0.0005581802200543697,
    "1-5": 6.251618464608942e-05,
    "1-6": 5.83484390030168e-06,
    "1-7": 4.6678751202413444e-07,
    "1-8": 3.2675125841689417e-08,
    "1-9": 2.033118941260675e-09,
    "1-10": 1.1385466071059779e-10,
    "2-0": 0.15256383565625994,
    "2-1": 0.08543574796750557,
    "2-2": 0.023922009430901562,
    "2-3": 0.004465441760434959,
    "2-4": 0.0006251618464608942,
    "2-5": 7.001812680362017e-05,
    "2-6": 6.535025168337882e-06,
    "2-7": 5.228020134670307e-07,
    "2-8": 3.6596140942692154e-08,
    "2-9": 2.277093214211956e-09,
    "2-10": 1.2751721999586956e-10,
    "3-0": 0.11391433062334075,
    "3-1": 0.06379202514907083,
    "3-2": 0.017861767041739834,
    "3-3": 0.0033341965144581026,
    "3-4": 0.0004667875120241344,
    "3-5": 5.228020134670306e-05,
    "3-6": 4.87948545902562e-06,
    "3-7": 3.903588367220496e-07,
    "3-8": 2.7325118570543473e-08,
    "3-9": 1.7002295999449273e-09,
    "3-10": 9.521285759691594e-11,
    "4-0": 0.06379202514907083,
    "4-1": 0.03572353408347967,
    "4-2": 0.010002589543374307,
    "4-3": 0.0018671500480965375,
    "4-4": 0.0002614010067335153,
    "4-5": 2.9276912754153715e-05,
    "4-6": 2.732511857054347e-06,
    "4-7": 2.1860094856434778e-07,
    "4-8": 1.5302066399504345e-08,
    "4-9": 9.521285759691594e-10,
    "4-10": 5.331920025427293e-11,
    "5-0": 0.028578827266783735,
    "5-1": 0.01600414326939889,
    "5-2": 0.00448116011543169,
    "5-3": 0.0008364832215472489,
    "5-4": 0.00011710765101661485,
    "5-5": 1.3116056913860865e-05,
    "5-6": 1.2241653119603477e-06,
    "5-7": 9.79332249568278e-08,
    "5-8": 6.855325746977947e-09,
    "5-9": 4.2655360203418343e-10,
    "5-10": 2.3887001713914272e-11,
    "6-0": 0.010669428846265929,
    "6-1": 0.0059748801539089205,
    "6-2": 0.0016729664430944978,
    "6-3": 0.00031228706937763966,
    "6-4": 4.3720189712869554e-05,
    "6-5": 4.896661247841391e-06,
    "6-6": 4.5702171646519645e-07,
    "6-7": 3.6561737317215724e-08,
    "6-8": 2.5593216122051007e-09,
    "6-9": 1.5924667809276182e-10,
    "6-10": 8.917813973194663e-12,
    "7-0": 0.003414217230805097,
    "7-1": 0.0019119616492508547,
    "7-2": 0.0005353492617902394,
    "7-3": 9.993186220084469e-05,
    "7-4": 1.3990460708118256e-05,
    "7-5": 1.5669315993092449e-06,
    "7-6": 1.462469492688629e-07,
    "7-7": 1.169975594150903e-08,
    "7-8": 8.189829159056321e-10,
    "7-9": 5.095893698968379e-11,
    "7-10": 2.8537004714222925e-12,
    "8-0": 0.0009559808246254273,
    "8-1": 0.0005353492617902394,
    "8-2": 0.00014989779330126703,
    "8-3": 2.7980921416236516e-05,
    "8-4": 3.9173289982731115e-06,
    "8-5": 4.387408478065886e-07,
    "8-6": 4.0949145795281605e-08,
    "8-7": 3.2759316636225285e-09,
    "8-8": 2.2931521645357704e-10,
    "8-9": 1.4268502357111462e-11,
    "8-10": 7.990361319982418e-13,
    "9-0": 0.00023793300524010638,
    "9-1": 0.00013324248293445962,
    "9-2": 3.730789522164869e-05,
    "9-3": 6.964140441374423e-06,
    "9-4": 9.749796617924192e-07,
    "9-5": 1.0919772212075096e-07,
    "9-6": 1.0191787397936756e-08,
    "9-7": 8.153429918349406e-10,
    "9-8": 5.7074009428445853e-11,
    "9-9": 3.551271697769964e-12,
    "9-10": 1.9887121507511802e-13,
    "10-0": 5.329699317378383e-05,
    "10-1": 2.984631617731895e-05,
    "10-2": 8.356968529649308e-06,
    "10-3": 1.5599674588678708e-06,
    "10-4": 2.1839544424150192e-07,
    "10-5": 2.4460289755048218e-08,
    "10-6": 2.2829603771378337e-09,
    "10-7": 1.8263683017102672e-10,
    "10-8": 1.278457811197187e-11,
    "10-9": 7.954848603004721e-13,
    "10-10": 4.454715217682644e-14
  },
  "summary": {
    "p_home": 0.7503990458593229,
    "p_draw": 0.17988097121758168,
    "p_away": 0.06971998292309553,
    "p_over": 0.5305353909174402,
    "p_under": 0.4694646090825598,
    "p_btts": 0.3907696237899575,
    "eg_home": 2.239790995500141,
    "eg_away": 0.5599999997326383,
    "eg_total": 2.7997909952327795
  },
  "advance": {
    "home": 0.8783351604217371,
    "away": 0.1216648395782629
  }
}