{
  "match": "加拿大 vs 摩洛哥",
  "lambda_home": 0.82,
  "lambda_away": 1.54,
  "dc_rho": -0.09,
  "grid": {
    "0-0": 0.10515134527932839,
    "0-1": 0.13467619241601458,
    "0-2": 0.11196358039336128,
    "0-3": 0.0574746379352588,
    "0-4": 0.022127735605074635,
    "0-5": 0.006815342566362988,
    "0-6": 0.0017492712586998334,
    "0-7": 0.0003848396769139634,
    "0-8": 7.408163780593796e-05,
    "0-9": 1.2676191357904942e-05,
    "0-10": 1.9521334691173607e-06,
    "1-0": 0.06669358330552365,
    "1-1": 0.12996499760465757,
    "1-2": 0.09181013592255624,
    "1-3": 0.04712920310691221,
    "1-4": 0.0181447431961612,
    "1-5": 0.005588580904417649,
    "1-6": 0.0014344024321338634,
    "1-7": 0.00031556853506944997,
    "1-8": 6.0746943000869134e-05,
    "1-9": 1.0394476913482051e-05,
    "1-10": 1.6007494446762357e-06,
    "2-0": 0.031744101642982005,
    "2-1": 0.048885916530192294,
    "2-2": 0.03764215572824806,
    "2-3": 0.019322973273834004,
    "2-4": 0.007439344710426092,
    "2-5": 0.0022913181708112363,
    "2-6": 0.000588104997174884,
    "2-7": 0.0001293830993784745,
    "2-8": 2.4906246630356344e-05,
    "2-9": 4.261735534527641e-06,
    "2-10": 6.563072723172566e-07,
    "3-0": 0.008676721115748413,
    "3-1": 0.013362150518252555,
    "3-2": 0.010288855899054468,
    "3-3": 0.005281612694847961,
    "3-4": 0.0020334208875164646,
    "3-5": 0.0006262936333550712,
    "3-6": 0.00016074869922780158,
    "3-7": 3.536471383011636e-05,
    "3-8": 6.807707412297399e-06,
    "3-9": 1.1648743794375552e-06,
    "3-10": 1.7939065443338344e-07,
    "4-0": 0.001778727828728425,
    "4-1": 0.0027392408562417745,
    "4-2": 0.0021092154593061662,
    "4-3": 0.001082730602443832,
    "4-4": 0.0004168512819408753,
    "4-5": 0.0001283901948377896,
    "4-6": 3.295348334169933e-05,
    "4-7": 7.249766335173854e-06,
    "4-8": 1.395580019520967e-06,
    "4-9": 2.387992477846988e-07,
    "4-10": 3.6775084158843616e-08,
    "5-0": 0.00029171136391146157,
    "5-1": 0.0004492355004236509,
    "5-2": 0.00034591133532621115,
    "5-3": 0.0001775678188007884,
    "5-4": 6.836361023830353e-05,
    "5-5": 2.1055991953397485e-05,
    "5-6": 5.404371268038688e-06,
    "5-7": 1.1889616789685117e-06,
    "5-8": 2.288751232014385e-07,
    "5-9": 3.916307663669059e-08,
    "5-10": 6.03111380205035e-09,
    "6-0": 3.986721973456642e-05,
    "6-1": 6.139551839123229e-05,
    "6-2": 4.727454916124886e-05,
    "6-3": 2.4267601902774414e-05,
    "6-4": 9.34302673256815e-06,
    "6-5": 2.8776522336309902e-06,
    "6-6": 7.385974066319542e-07,
    "6-7": 1.6249142945902993e-07,
    "6-8": 3.1279600170863265e-08,
    "6-9": 5.352287140347714e-09,
    "6-10": 8.242522196135479e-10,
    "7-0": 4.6701600260492095e-06,
    "7-1": 7.1920464401157824e-06,
    "7-2": 5.537875758889152e-06,
    "7-3": 2.8427762228964315e-06,
    "7-4": 1.094468845815126e-06,
    "7-5": 3.370964045110588e-07,
    "7-6": 8.652141049117178e-08,
    "7-7": 1.903471030805779e-08,
    "7-8": 3.664181734301125e-09,
    "7-9": 6.269822078693037e-10,
    "7-10": 9.655526001187276e-11,
    "8-0": 4.786914026700439e-07,
    "8-1": 7.371847601118677e-07,
    "8-2": 5.676322652861381e-07,
    "8-3": 2.913845628468843e-07,
    "8-4": 1.1218305669605043e-07,
    "8-5": 3.4552381462383536e-08,
    "8-6": 8.868444575345107e-09,
    "8-7": 1.9510578065759235e-09,
    "8-8": 3.7557862776586536e-10,
    "8-9": 6.426567630660363e-11,
    "8-10": 9.896914151216959e-12,
    "9-0": 4.3614105576603994e-08,
    "9-1": 6.716572258797016e-08,
    "9-2": 5.171760639273702e-08,
    "9-3": 2.6548371281605003e-08,
    "9-4": 1.0221122943417927e-08,
    "9-5": 3.1481058665727213e-09,
    "9-6": 8.080138390869985e-10,
    "9-7": 1.7776304459913968e-10,
    "9-8": 3.421938608533439e-11,
    "9-9": 5.855317174601663e-12,
    "9-10": 9.017188448886561e-13,
    "10-0": 3.5763566572815274e-09,
    "10-1": 5.507589252213553e-09,
    "10-2": 4.240843724204436e-09,
    "10-3": 2.1769664450916106e-09,
    "10-4": 8.381320813602699e-10,
    "10-5": 2.5814468105896315e-10,
    "10-6": 6.625713480513387e-11,
    "10-7": 1.4576569657129455e-11,
    "10-8": 2.80598965899742e-12,
    "10-9": 4.801360083173364e-13,
    "10-10": 7.39409452808698e-14
  },
  "summary": {
    "p_home": 0.1889032724655538,
    "p_draw": 0.2784787765946011,
    "p_away": 0.5326179509398455,
    "p_over": 0.41980619935813296,
    "p_under": 0.580193800641867,
    "p_btts": 0.45033843638783355,
    "eg_home": 0.8199999863205747,
    "eg_away": 1.5399931742291735,
    "eg_total": 2.359993160549748
  },
  "advance": {
    "home": 0.2968504140226276,
    "away": 0.7031495859773724
  }
}