{
  "match": "R16-91 巴西 vs 挪威",
  "lambda_home": 1.8,
  "lambda_away": 1.12,
  "dc_rho": -0.17,
  "grid": {
    "0-0": 0.07241806911263035,
    "0-1": 0.041921708740366805,
    "0-2": 0.033827315410094254,
    "0-3": 0.012628864419768524,
    "0-4": 0.003536082037535187,
    "0-5": 0.0007920823764078819,
    "0-6": 0.0001478553769294713,
    "0-7": 2.3656860308715413e-05,
    "0-8": 3.3119604432201574e-06,
    "0-9": 4.1215507737850857e-07,
    "0-10": 4.616136866639297e-08,
    "1-0": 0.07859673182529042,
    "1-1": 0.12721486831010445,
    "1-2": 0.060889167738169665,
    "1-3": 0.022731955955583347,
    "1-4": 0.006364947667563337,
    "1-5": 0.0014257482775341878,
    "1-6": 0.00026613967847304834,
    "1-7": 4.2582348555687744e-05,
    "1-8": 5.961528797796284e-06,
    "1-9": 7.418791392813155e-07,
    "1-10": 8.309046359950735e-08,
    "2-0": 0.08737284911408273,
    "2-1": 0.09785759100777267,
    "2-2": 0.054800250964352704,
    "2-3": 0.020458760360025013,
    "2-4": 0.005728452900807004,
    "2-5": 0.001283173449780769,
    "2-6": 0.0002395257106257435,
    "2-7": 3.832411370011897e-05,
    "2-8": 5.365375918016656e-06,
    "2-9": 6.67691225353184e-07,
    "2-10": 7.47814172395566e-08,
    "3-0": 0.05242370946844964,
    "3-1": 0.058714554604663606,
    "3-2": 0.03288015057861162,
    "3-3": 0.012275256216015006,
    "3-4": 0.0034370717404842025,
    "3-5": 0.0007699040698684614,
    "3-6": 0.00014371542637544611,
    "3-7": 2.299446822007138e-05,
    "3-8": 3.2192255508099936e-06,
    "3-9": 4.006147352119104e-07,
    "3-10": 4.486885034373397e-08,
    "4-0": 0.023590669260802336,
    "4-1": 0.026421549572098618,
    "4-2": 0.014796067760375228,
    "4-3": 0.0055238652972067525,
    "4-4": 0.0015466822832178907,
    "4-5": 0.0003464568314408075,
    "4-6": 6.467194186895074e-05,
    "4-7": 1.034751069903212e-05,
    "4-8": 1.448651497864497e-06,
    "4-9": 1.8027663084535964e-07,
    "4-10": 2.019098265468028e-08,
    "5-0": 0.008492640933888842,
    "5-1": 0.009511757845955504,
    "5-2": 0.005326584393735082,
    "5-3": 0.0019885915069944313,
    "5-4": 0.0005568056219584408,
    "5-5": 0.00012472445931869074,
    "5-6": 2.3281899072822274e-05,
    "5-7": 3.7251038516515642e-06,
    "5-8": 5.215145392312189e-07,
    "5-9": 6.489958710432949e-08,
    "5-10": 7.2687537556849035e-09,
    "6-0": 0.0025477922801666526,
    "6-1": 0.0028535273537866513,
    "6-2": 0.0015979753181205249,
    "6-3": 0.0005965774520983294,
    "6-4": 0.00016704168658753223,
    "6-5": 3.7417337795607225e-05,
    "6-6": 6.984569721846682e-06,
    "6-7": 1.1175311554954693e-06,
    "6-8": 1.564543617693657e-07,
    "6-9": 1.9469876131298844e-08,
    "6-10": 2.180626126705471e-09,
    "7-0": 0.0006551465863285678,
    "7-1": 0.0007337641766879961,
    "7-2": 0.0004109079389452779,
    "7-3": 0.0001534056305395704,
    "7-4": 4.295357655107972e-05,
    "7-5": 9.621601147441858e-06,
    "7-6": 1.7960322141891467e-06,
    "7-7": 2.873651542702635e-07,
    "7-8": 4.0231121597836893e-08,
    "7-9": 5.006539576619703e-09,
    "7-10": 5.607324325814068e-10,
    "8-0": 0.00014740798192392778,
    "8-1": 0.00016509693975479914,
    "8-2": 9.245428626268752e-05,
    "8-3": 3.4516266871403346e-05,
    "8-4": 9.664554723992938e-06,
    "8-5": 2.164860258174418e-06,
    "8-6": 4.0410724819255807e-07,
    "8-7": 6.465715971080931e-08,
    "8-8": 9.052002359513302e-09,
    "8-9": 1.1264714047394332e-09,
    "8-10": 1.2616479733081654e-10,
    "9-0": 2.9481596384785555e-05,
    "9-1": 3.3019387950959826e-05,
    "9-2": 1.84908572525375e-05,
    "9-3": 6.903253374280669e-06,
    "9-4": 1.9329109447985874e-06,
    "9-5": 4.329720516348836e-07,
    "9-6": 8.08214496385116e-08,
    "9-7": 1.2931431942161861e-08,
    "9-8": 1.8104004719026603e-09,
    "9-9": 2.2529428094788665e-10,
    "9-10": 2.5232959466163307e-11,
    "10-0": 5.3066873492614e-06,
    "10-1": 5.943489831172769e-06,
    "10-2": 3.328354305456751e-06,
    "10-3": 1.2425856073705205e-06,
    "10-4": 3.4792397006374575e-07,
    "10-5": 7.793496929427905e-08,
    "10-6": 1.454786093493209e-08,
    "10-7": 2.3276577495891347e-09,
    "10-8": 3.2587208494247886e-10,
    "10-9": 4.0552970570619605e-11,
    "10-10": 4.541932703909396e-12
  },
  "summary": {
    "p_home": 0.5144204401762759,
    "p_draw": 0.26838713256235386,
    "p_away": 0.21719242726137097,
    "p_over": 0.5586484574874313,
    "p_under": 0.4413515425125687,
    "p_btts": 0.5808388596544027,
    "eg_home": 1.7999707243994678,
    "eg_away": 1.1199996872297706,
    "eg_total": 2.9199704116292384
  },
  "advance": {
    "home": 0.675478474642822,
    "away": 0.32452152535717804
  }
}